Virus,Rank,Busting Rank:,1-4,5-6,7-8,9-10,S
Air Purifier Comp 1,,,,,,,
Legion,1,,Lance R,L,L,S,*
Legion,1,,Lance R,L,L,S,*
,,,,,,,
ObLily,1,,VnmShot D,P,U,U,*
ObLily,1,,VnmShot D,P,U,U,*
,,,,,,,
Python,1,,BioSpry1 O,O,I,B,*
RayCann,2,,MRayGun D,D,C,B,*
,,,,,,,
Orichalc,1,,BrnzNplm N,O,R,R,*
Python,1,,BioSpry1 O,O,I,B,*
Orichalc,1,,BrnzNplm N,O,R,R,*
,,,,,,,
GelPack,1,,Hakkero1 J,P,S,S,*
GelPack,1,,Hakkero1 J,P,S,S,*
,,,,,,,
Legion,1,,Lance R,L,L,S,*
KngBeetl,1,,AuraSrd1 B,B,D,S,*
,,,,,,,
GelPack,1,,Hakkero1 J,P,S,S,*
Legion,1,,Lance R,L,L,S,*
,,,,,,,
,,,,,,,
Air Purifier Comp 2,,,,,,,
Python,1,,BioSpry1 O,O,I,B,*
Orichalc,1,,BrnzNplm N,O,R,R,*
Python,1,,BioSpry1 O,O,I,B,*
,,,,,,,
KngBeetl,1,,AuraSrd1 B,B,D,S,*
Python,1,,BioSpry1 O,O,I,B,*
,,,,,,,
Orichalc,1,,BrnzNplm N,O,R,R,*
Orichalc,1,,BrnzNplm N,O,R,R,*
Orichalc,1,,BrnzNplm N,O,R,R,*
,,,,,,,
Fujin,1,,Storm J,S,S,C,*
Reftile,1,,RevShld L,H,R,R,*
,,,,,,,
GelPack,1,,Hakkero1 J,P,S,S,*
GelPack,1,,Hakkero1 J,P,S,S,*
GelPack,1,,Hakkero1 J,P,S,S,*
,,,,,,,
,,,,,,,
Air Purifier Comp 3,,,,,,,
GelPack,1,,Hakkero1 J,P,S,S,*
ObLily,1,,VnmShot D,P,U,U,*
,,,,,,,
ObLily,1,,VnmShot D,P,U,U,*
ObLily,1,,VnmShot D,P,U,U,*
ObLily,1,,VnmShot D,P,U,U,*
,,,,,,,
Orichalc,1,,BrnzNplm N,O,R,R,*
ObLily,1,,VnmShot D,P,U,U,*
Orichalc,1,,BrnzNplm N,O,R,R,*
,,,,,,,
KngBeetl,1,,AuraSrd1 B,B,D,S,*
KngBeetl,1,,AuraSrd1 B,B,D,S,*
KngBeetl,1,,AuraSrd1 B,B,D,S,*
,,,,,,,
Legion,1,,Lance R,L,L,S,*
ObLily,1,,VnmShot D,P,U,U,*
GelPack,1,,Hakkero1 J,P,S,S,*
,,,,,,,
Legion,1,,Lance R,L,L,S,*
Legion,1,,Lance R,L,L,S,*
Legion,1,,Lance R,L,L,S,*
,,,,,,,
,,,,,,,
Air Purifier Comp 4,,,,,,,
RayCann,2,,MRayGun D,D,C,B,*
RayCann,2,,MRayGun D,D,C,B,*
Reftile,1,,RevShld L,H,R,R,*
,,,,,,,
Fujin,1,,Storm J,S,S,C,*
Fujin,1,,Storm J,S,S,C,*
Fujin,1,,Storm J,S,S,C,*
,,,,,,,
Orichalc,1,,BrnzNplm N,O,R,R,*
Orichalc,1,,BrnzNplm N,O,R,R,*
Python,1,,BioSpry1 O,O,I,B,*
,,,,,,,
ObLily,1,,VnmShot D,P,U,U,*
RayCann,2,,MRayGun D,D,C,B,*
ObLily,1,,VnmShot D,P,U,U,*
,,,,,,,
KngBeetl,1,,AuraSrd1 B,B,D,S,*
Fujin,1,,Storm J,S,S,C,*
Orichalc,1,,BrnzNplm N,O,R,R,*
,,,,,,,
Medicine,1,,Medicine M,M,M,M,M
,,,,,,,
,,,,,,,
Battleship Model Comp,,,,,,,
EvilEye,1,,ChrgCan1 M,M,F,Y,*
EvilEye,1,,ChrgCan1 M,M,F,Y,*
ShlRune,1,,ShlArmr1 A,M,M,S,*
,,,,,,,
ShlRune,1,,ShlArmr1 A,M,M,S,*
ShlRune,1,,ShlArmr1 A,M,M,S,*
,,,,,,,
ShlRune,2,,ShlArmr2 G,W,S,S,T
,,,,,,,
,,,,,,,
Bench Comp,,,,,,,
CutLassi,1,,CrosSwrd B,B,A,L,*
ObLily,1,,VnmShot D,P,U,U,*
,,,,,,,
ObLily,1,,VnmShot D,P,U,U,*
CutLassi,1,,CrosSwrd B,B,A,L,*
CutLassi,1,,CrosSwrd B,B,A,L,*
,,,,,,,
CutLassi,2,,StepSwrd J,R,R,G,T
,,,,,,,
,,,,,,,
Blackboard Comp,,,,,,,
Kedama,1,,ShotWav J,C,C,A,*
Kedama,1,,ShotWav J,C,C,A,*
,,,,,,,
Kedama,1,,ShotWav J,C,C,A,*
Kedama,1,,ShotWav J,C,C,A,*
Kedama,1,,ShotWav J,C,C,A,*
,,,,,,,
Kedama,2,,EarthWav G,W,M,M,S
,,,,,,,
,,,,,,,
Conference Room Comp,,,,,,,
Flire,1,,FlarGun A,F,F,R,*
Flire,1,,FlarGun A,F,F,R,*
,,,,,,,
Flire,1,,FlarGun A,F,F,R,*
EvilEye,2,,ChrgCan2 L,L,E,B,T
Flire,1,,FlarGun A,F,F,R,*
,,,,,,,
EvilEye,3,,ChrgCan3 D,D,T,U,V
,,,,,,,
,,,,,,,
Great Man Statue Comp,,,,,,,
Liba,1,,SandPit1 H,T,A,A,*
ObLily,2,,BrkShot J,H,F,B,B
,,,,,,,
Liba,1,,SandPit1 H,T,A,A,*
LibeRdr,1,,ChainGn1 N,I,C,C,*
Liba,1,,SandPit1 H,T,A,A,*
,,,,,,,
Liba,2,,SandPit2 H,H,N,S,D
,,,,,,,
,,,,,,,
Cake Shop Comp,,,,,,,
Fujin,3,,MagStorm N,L,C,C,F
Fujin,3,,MagStorm N,L,C,C,F
,,,,,,,
Fujin,3,,MagStorm N,L,C,C,F
Fujin,3,,MagStorm N,L,C,C,F
Fujin,3,,MagStorm N,L,C,C,F
,,,,,,,
Fujin,4,,,,,,
,,,,,,,
,,,,,,,
Car Comp,,,,,,,
Python,1,,BioSpry1 O,O,I,B,*
FlwrTnk,1,,SeedCan1 N,N,T,C,*
,,,,,,,
FlwrTnk,1,,SeedCan1 N,N,T,C,*
FlwrTnk,1,,SeedCan1 N,N,T,C,*
,,,,,,,
FlwrTnk,2,,SeedCan2 Z,Z,V,S,T
,,,,,,,
,,,,,,,
Central City East,,,,,,,
BeetleM,2,,BeetleMV2 B,B,B,B,B
,,,,,,,
BeetleM,3,,BeetleM B,B,BeetleMV2 B,B,BeetleMV3 B
,,,,,,,
,,,,,,,
Change Machine Comp,,,,,,,
Fujin,1,,Storm J,S,S,C,*
Fujin,1,,Storm J,S,S,C,*
,,,,,,,
Fujin,1,,Storm J,S,S,C,*
Screwn,2,,ColdAir2 Q,B,I,I,U
Screwn,2,,ColdAir2 Q,B,I,I,U
,,,,,,,
Fujin,2,,HotStorm F,D,D,B,H
,,,,,,,
,,,,,,,
City Area 2,,,,,,,
BibiBat,1,,GrvBall1 J,S,S,A,*
Kedama,2,,EarthWav G,W,M,M,S
,,,,,,,
ObLily,1,,VnmShot D,P,U,U,*
ObLily,1,,VnmShot D,P,U,U,*
,,,,,,,
Fujin,1,,Storm J,S,S,C,*
Reftile,1,,RevShld L,H,R,R,*
Reftile,1,,RevShld L,H,R,R,*
,,,,,,,
BibiBat,1,,GrvBall1 J,S,S,A,*
Reftile,1,,RevShld L,H,R,R,*
FlaMeow,1,,FireArm1 F,F,M,R,*
,,,,,,,
Liba,1,,SandPit1 H,T,A,A,*
Liba,1,,SandPit1 H,T,A,A,*
Kedama,2,,EarthWav G,W,M,M,S
,,,,,,,
ObLily,1,,VnmShot D,P,U,U,*
FlaMeow,1,,FireArm1 F,F,M,R,*
FlaMeow,1,,FireArm1 F,F,M,R,*
,,,,,,,
Fujin,1,,Storm J,S,S,C,*
BibiBat,1,,GrvBall1 J,S,S,A,*
Fujin,1,,Storm J,S,S,C,*
,,,,,,,
,,,,,,,
City Area 1,,,,,,,
Liba,1,,SandPit1 H,T,A,A,*
Liba,1,,SandPit1 H,T,A,A,*
,,,,,,,
BibiBat,1,,GrvBall1 J,S,S,A,*
Fujin,1,,Storm J,S,S,C,*
BibiBat,1,,GrvBall1 J,S,S,A,*
,,,,,,,
Kedama,2,,EarthWav G,W,M,M,S
Kedama,2,,EarthWav G,W,M,M,S
Kedama,2,,EarthWav G,W,M,M,S
,,,,,,,
TinyOni,1,,ElChain1 J,R,S,S,*
TinyOni,1,,ElChain1 J,R,S,S,*
Kedama,2,,EarthWav G,W,M,M,S
,,,,,,,
Fujin,1,,Storm J,S,S,C,*
FlaMeow,1,,FireArm1 F,F,M,R,*
Fujin,1,,Storm J,S,S,C,*
,,,,,,,
FlaMeow,1,,FireArm1 F,F,M,R,*
FlaMeow,1,,FireArm1 F,F,M,R,*
,,,,,,,
Medicine,2,,MedicinV2 M,M,M,M,M
,,,,,,,
,,,,,,,
City Area 3,,,,,,,
RayCann,2,,MRayGun D,D,C,B,*
Kedama,2,,EarthWav G,W,M,M,S
RayCann,2,,MRayGun D,D,C,B,*
,,,,,,,
Kedama,2,,EarthWav G,W,M,M,S
Liba,1,,SandPit1 H,T,A,A,*
Liba,1,,SandPit1 H,T,A,A,*
,,,,,,,
Legion,1,,Lance R,L,L,S,*
Legion,1,,Lance R,L,L,S,*
,,,,,,,
BibiBat,1,,GrvBall1 J,S,S,A,*
FlaMeow,1,,FireArm1 F,F,M,R,*
,,,,,,,
Liba,1,,SandPit1 H,T,A,A,*
ObLily,1,,VnmShot D,P,U,U,*
,,,,,,,
ObLily,1,,VnmShot D,P,U,U,*
RayCann,1,,RayGun C,C,B,A,*
,,,,,,,
ObLily,2,,BrkShot J,H,F,B,B
RayCann,2,,MRayGun D,D,C,B,*
,,,,,,,
RayCann,2,,MRayGun D,D,C,B,*
RayCann,2,,MRayGun D,D,C,B,*
,,,,,,,
FlaMeow,1,,FireArm1 F,F,M,R,*
FlaMeow,1,,FireArm1 F,F,M,R,*
,,,,,,,
Chen,2,,ChenV2 C,C,C,C,C
,,,,,,,
,,,,,,,
School Room 2-2,,,,,,,
Marisa,1,,Marisa M,M,M,M,M
,,,,,,,
Marisa,2,,MarisaV2 M,M,M,M,M
,,,,,,,
Marisa,3,,Marisa M,M,MarisaV2 M,M,MarisaV3 M
,,,,,,,
Crasher,1,,CrshLnk1 G,N,D,D,*
Crasher,3,,CrshLnk3 L,L,F,R,H
Crasher,2,,CrshLnk2 B,K,K,L,I
,,,,,,,
,,,,,,,
School PC Room,,,,,,,
Kedama,1,,ShotWav J,C,C,A,*
RayCann,1,,RayGun C,C,B,A,*
Kedama,1,,ShotWav J,C,C,A,*
,,,,,,,
,,,,,,,
Clock Tower Comp 1,,,,,,,
BibiBat,3,,GrvBall3 F,B,B,D,I
Junks,3,,StarBomb E,S,S,K,T
,,,,,,,
Mantizr,1,,DethWpr1 W,W,I,P,*
Reftile,3,,RflcShld K,O,O,J,F
,,,,,,,
Legion,3,,PaldnLnc R,R,U,S,P
BibiBat,3,,GrvBall3 F,B,B,D,I
Mantizr,1,,DethWpr1 W,W,I,P,*
,,,,,,,
Legion,3,,PaldnLnc R,R,U,S,P
Legion,3,,PaldnLnc R,R,U,S,P
Reftile,3,,RflcShld K,O,O,J,F
,,,,,,,
Mantizr,1,,DethWpr1 W,W,I,P,*
Mantizr,1,,DethWpr1 W,W,I,P,*
,,,,,,,
,,,,,,,
Clock Tower Comp 2,,,,,,,
Mantizr,1,,DethWpr1 W,W,I,P,*
Legion,3,,PaldnLnc R,R,U,S,P
,,,,,,,
Python,3,,BioSpry3 Z,Z,Q,C,W
Reftile,3,,RflcShld K,O,O,J,F
Python,3,,BioSpry3 Z,Z,Q,C,W
,,,,,,,
BibiBat,3,,GrvBall3 F,B,B,D,I
BibiBat,3,,GrvBall3 F,B,B,D,I
,,,,,,,
LibeRdr,2,,ChainGn2 L,B,B,T,O
LibeRdr,2,,ChainGn2 L,B,B,T,O
Legion,3,,PaldnLnc R,R,U,S,P
,,,,,,,
LibeRdr,2,,ChainGn2 L,B,B,T,O
Mantizr,1,,DethWpr1 W,W,I,P,*
Mantizr,1,,DethWpr1 W,W,I,P,*
,,,,,,,
,,,,,,,
Clock Tower Comp 3,,,,,,,
Mantizr,1,,DethWpr1 W,W,I,P,*
Junks,3,,StarBomb E,S,S,K,T
Mantizr,1,,DethWpr1 W,W,I,P,*
,,,,,,,
Juragon,1,,DrgnFlm1 D,D,N,G,*
Python,3,,BioSpry3 Z,Z,Q,C,W
,,,,,,,
Legion,3,,PaldnLnc R,R,U,S,P
Legion,3,,PaldnLnc R,R,U,S,P
Legion,3,,PaldnLnc R,R,U,S,P
,,,,,,,
Python,3,,BioSpry3 Z,Z,Q,C,W
Python,3,,BioSpry3 Z,Z,Q,C,W
Python,3,,BioSpry3 Z,Z,Q,C,W
,,,,,,,
Juragon,1,,DrgnFlm1 D,D,N,G,*
Juragon,1,,DrgnFlm1 D,D,N,G,*
,,,,,,,
Legion,3,,PaldnLnc R,R,U,S,P
Mantizr,1,,DethWpr1 W,W,I,P,*
Legion,3,,PaldnLnc R,R,U,S,P
,,,,,,,
,,,,,,,
Clock Tower Comp 4,,,,,,,
Legion,3,,PaldnLnc R,R,U,S,P
Mantizr,1,,DethWpr1 W,W,I,P,*
Legion,3,,PaldnLnc R,R,U,S,P
,,,,,,,
Juragon,1,,DrgnFlm1 D,D,N,G,*
Juragon,1,,DrgnFlm1 D,D,N,G,*
,,,,,,,
BibiBat,3,,GrvBall3 F,B,B,D,I
LibeRdr,3,,ChainGn3 D,D,Q,E,T
BibiBat,3,,GrvBall3 F,B,B,D,I
,,,,,,,
LibeRdr,2,,ChainGn2 L,B,B,T,O
LibeRdr,2,,ChainGn2 L,B,B,T,O
,,,,,,,
LibeRdr,2,,ChainGn2 L,B,B,T,O
Legion,3,,PaldnLnc R,R,U,S,P
,,,,,,,
Mantizr,1,,DethWpr1 W,W,I,P,*
Mantizr,1,,DethWpr1 W,W,I,P,*
,,,,,,,
,,,,,,,
Clock Tower Comp 5,,,,,,,
Legion,3,,PaldnLnc R,R,U,S,P
Legion,3,,PaldnLnc R,R,U,S,P
Python,3,,BioSpry3 Z,Z,Q,C,W
,,,,,,,
Juragon,1,,DrgnFlm1 D,D,N,G,*
Juragon,1,,DrgnFlm1 D,D,N,G,*
,,,,,,,
Mantizr,1,,DethWpr1 W,W,I,P,*
Python,3,,BioSpry3 Z,Z,Q,C,W
Mantizr,1,,DethWpr1 W,W,I,P,*
,,,,,,,
BibiBat,3,,GrvBall3 F,B,B,D,I
BibiBat,3,,GrvBall3 F,B,B,D,I
,,,,,,,
Reftile,3,,RflcShld K,O,O,J,F
Mantizr,1,,DethWpr1 W,W,I,P,*
Reftile,3,,RflcShld K,O,O,J,F
,,,,,,,
BibiBat,3,,GrvBall3 F,B,B,D,I
Reftile,3,,RflcShld K,O,O,J,F
Python,3,,BioSpry3 Z,Z,Q,C,W
,,,,,,,
ScissorM,1,,ScissorM S,S,S,S,S
,,,,,,,
,,,,,,,
Bordern Concern HQ President Office,,,,,,,
Ran,2,,RanV2 R,R,R,R,R
,,,,,,,
Ran,3,,Ran R,R,RanV2 R,R,RanV3 R
,,,,,,,
,,,,,,,
Company Server Comp 1F,,,,,,,
NormalNavi,15,,,,,,
EvilEye,2,,ChrgCan2 L,L,E,B,T
RayCann,3,,GRayGun F,A,I,C,C
,,,,,,,
NormalNavi,15,,,,,,
Legion,3,,PaldnLnc R,R,U,S,P
Legion,3,,PaldnLnc R,R,U,S,P
,,,,,,,
NormalNavi,15,,,,,,
CutLassi,3,,StepCros Z,Z,N,T,U
Flire,1,,FlarGun A,F,F,R,*
,,,,,,,
NormalNavi,15,,,,,,
NormalNavi,15,,,,,,
,,,,,,,
CutLassi,3,,StepCros Z,Z,N,T,U
EvilEye,2,,ChrgCan2 L,L,E,B,T
BibiBat,3,,GrvBall3 F,B,B,D,I
,,,,,,,
Flire,1,,FlarGun A,F,F,R,*
Flire,1,,FlarGun A,F,F,R,*
EvilEye,2,,ChrgCan2 L,L,E,B,T
,,,,,,,
RayCann,3,,GRayGun F,A,I,C,C
CutLassi,3,,StepCros Z,Z,N,T,U
RayCann,3,,GRayGun F,A,I,C,C
,,,,,,,
Legion,3,,PaldnLnc R,R,U,S,P
CutLassi,3,,StepCros Z,Z,N,T,U
BibiBat,3,,GrvBall3 F,B,B,D,I
,,,,,,,
,,,,,,,
Company Server Comp 10F,,,,,,,
NormalNavi,12,,,,,,
MasLigr,3,,Railgun3 I,M,M,R,Z
MasLigr,3,,Railgun3 I,M,M,R,Z
,,,,,,,
NormalNavi,12,,,,,,
LibeRdr,3,,ChainGn3 D,D,Q,E,T
LibeRdr,3,,ChainGn3 D,D,Q,E,T
,,,,,,,
NormalNavi,15,,,,,,
EvilEye,2,,ChrgCan2 L,L,E,B,T
FlwrTnk,3,,SeedCan3 K,K,N,G,U
,,,,,,,
NormalNavi,15,,,,,,
CutLassi,3,,StepCros Z,Z,N,T,U
CutLassi,3,,StepCros Z,Z,N,T,U
,,,,,,,
NormalNavi,15,,,,,,
NormalNavi,12,,,,,,
,,,,,,,
FlwrTnk,3,,SeedCan3 K,K,N,G,U
MasLigr,3,,Railgun3 I,M,M,R,Z
FlwrTnk,3,,SeedCan3 K,K,N,G,U
,,,,,,,
EvilEye,2,,ChrgCan2 L,L,E,B,T
EvilEye,2,,ChrgCan2 L,L,E,B,T
CutLassi,3,,StepCros Z,Z,N,T,U
,,,,,,,
,,,,,,,
Company Server Comp 20F,,,,,,,
NormalNavi,12,,,,,,
Orichalc,3,,MythNplm D,D,O,J,I
MasLigr,3,,Railgun3 I,M,M,R,Z
,,,,,,,
NormalNavi,12,,,,,,
RaijnWar,3,,IceSwrd A,I,S,S,C
RaijnWar,3,,IceSwrd A,I,S,S,C
,,,,,,,
NormalNavi,15,,,,,,
LibeRdr,3,,ChainGn3 D,D,Q,E,T
CutLassi,3,,StepCros Z,Z,N,T,U
,,,,,,,
NormalNavi,15,,,,,,
EvilEye,2,,ChrgCan2 L,L,E,B,T
FlwrTnk,3,,SeedCan3 K,K,N,G,U
,,,,,,,
NormalNavi,14,,,,,,
RaijnWar,3,,IceSwrd A,I,S,S,C
MasLigr,3,,Railgun3 I,M,M,R,Z
,,,,,,,
NormalNavi,14,,,,,,
Juragon,2,,DrgnFlm2 R,R,E,Q,C
,,,,,,,
Juragon,2,,DrgnFlm2 R,R,E,Q,C
Juragon,2,,DrgnFlm2 R,R,E,Q,C
,,,,,,,
Orichalc,3,,MythNplm D,D,O,J,I
MasLigr,3,,Railgun3 I,M,M,R,Z
Orichalc,3,,MythNplm D,D,O,J,I
,,,,,,,
,,,,,,,
Company Server Comp 30F,,,,,,,
NormalNavi,12,,,,,,
Mantizr,2,,DethWpr2 W,E,Z,Z,S
Mantizr,2,,DethWpr2 W,E,Z,Z,S
,,,,,,,
NormalNavi,12,,,,,,
Flire,2,,MFlarGun P,K,M,M,U
Flire,2,,MFlarGun P,K,M,M,U
,,,,,,,
NormalNavi,15,,,,,,
LibeRdr,3,,ChainGn3 D,D,Q,E,T
CutLassi,3,,StepCros Z,Z,N,T,U
,,,,,,,
NormalNavi,15,,,,,,
Orichalc,3,,MythNplm D,D,O,J,I
FlwrTnk,3,,SeedCan3 K,K,N,G,U
,,,,,,,
NormalNavi,15,,,,,,
NormalNavi,14,,,,,,
,,,,,,,
NormalNavi,12,,,,,,
NormalNavi,14,,,,,,
,,,,,,,
NormalNavi,12,,,,,,
NormalNavi,14,,,,,,
NormalNavi,15,,,,,,
,,,,,,,
NormalNavi,14,,,,,,
Mantizr,2,,DethWpr2 W,E,Z,Z,S
Flire,2,,MFlarGun P,K,M,M,U
,,,,,,,
NormalNavi,14,,,,,,
Juragon,2,,DrgnFlm2 R,R,E,Q,C
,,,,,,,
Chen,1,,Chen C,C,C,C,C
Ran,1,,Chen C,C,C,C,C
,,,,,,,
,,,,,,,
Company Server Comp B1F,,,,,,,
NormalNavi,12,,,,,,
EvilEye,2,,ChrgCan2 L,L,E,B,T
FlwrTnk,3,,SeedCan3 K,K,N,G,U
,,,,,,,
NormalNavi,12,,,,,,
RayCann,3,,GRayGun F,A,I,C,C
LibeRdr,3,,ChainGn3 D,D,Q,E,T
,,,,,,,
NormalNavi,12,,,,,,
BibiBat,3,,GrvBall3 F,B,B,D,I
BibiBat,3,,GrvBall3 F,B,B,D,I
,,,,,,,
Flire,1,,FlarGun A,F,F,R,*
Flire,1,,FlarGun A,F,F,R,*
Flire,1,,FlarGun A,F,F,R,*
,,,,,,,
EvilEye,2,,ChrgCan2 L,L,E,B,T
BibiBat,3,,GrvBall3 F,B,B,D,I
EvilEye,2,,ChrgCan2 L,L,E,B,T
,,,,,,,
FlwrTnk,3,,SeedCan3 K,K,N,G,U
EvilEye,2,,ChrgCan2 L,L,E,B,T
FlwrTnk,3,,SeedCan3 K,K,N,G,U
,,,,,,,
LibeRdr,3,,ChainGn3 D,D,Q,E,T
BibiBat,3,,GrvBall3 F,B,B,D,I
LibeRdr,3,,ChainGn3 D,D,Q,E,T
,,,,,,,
,,,,,,,
Cruise Comp 1,,,,,,,
SqAnchr,1,,HvyAnch1 V,A,A,H,*
Baldy,2,,Typhoon F,O,S,S,T
,,,,,,,
Orichalc,2,,MtlNplm D,B,M,M,S
Baldy,2,,Typhoon F,O,S,S,T
Clawnch,3,,BubBlst3 Y,Y,T,S,G
,,,,,,,
SqAnchr,1,,HvyAnch1 V,A,A,H,*
PnlMole,2,,PnlShot2 N,B,D,D,G
PnlMole,2,,PnlShot2 N,B,D,D,G
,,,,,,,
DrilBit,2,,DigDril2 G,U,U,I,S
DrilBit,2,,DigDril2 G,U,U,I,S
Orichalc,2,,MtlNplm D,B,M,M,S
,,,,,,,
DrilBit,2,,DigDril2 G,U,U,I,S
Orichalc,2,,MtlNplm D,B,M,M,S
PnlMole,2,,PnlShot2 N,B,D,D,G
,,,,,,,
Raijun,2,,EleFang2 J,J,V,S,I
Orichalc,2,,MtlNplm D,B,M,M,S
Orichalc,2,,MtlNplm D,B,M,M,S
,,,,,,,
,,,,,,,
Cruise Comp 1,,,,,,,
SqAnchr,1,,HvyAnch1 V,A,A,H,*
Baldy,2,,Typhoon F,O,S,S,T
,,,,,,,
Orichalc,2,,MtlNplm D,B,M,M,S
Baldy,2,,Typhoon F,O,S,S,T
Clawnch,3,,BubBlst3 Y,Y,T,S,G
,,,,,,,
SqAnchr,1,,HvyAnch1 V,A,A,H,*
PnlMole,2,,PnlShot2 N,B,D,D,G
PnlMole,2,,PnlShot2 N,B,D,D,G
,,,,,,,
DrilBit,2,,DigDril2 G,U,U,I,S
DrilBit,2,,DigDril2 G,U,U,I,S
Orichalc,2,,MtlNplm D,B,M,M,S
,,,,,,,
DrilBit,2,,DigDril2 G,U,U,I,S
Orichalc,2,,MtlNplm D,B,M,M,S
PnlMole,2,,PnlShot2 N,B,D,D,G
,,,,,,,
Raijun,2,,EleFang2 J,J,V,S,I
Orichalc,2,,MtlNplm D,B,M,M,S
Orichalc,2,,MtlNplm D,B,M,M,S
,,,,,,,
,,,,,,,
Cruise Comp 2,,,,,,,
Screwn,3,,ColdAir3 K,J,T,T,H
PnlMole,2,,PnlShot2 N,B,D,D,G
Screwn,3,,ColdAir3 K,J,T,T,H
,,,,,,,
DrilBit,2,,DigDril2 G,U,U,I,S
Orichalc,2,,MtlNplm D,B,M,M,S
Clawnch,3,,BubBlst3 Y,Y,T,S,G
,,,,,,,
SqAnchr,1,,HvyAnch1 V,A,A,H,*
SqAnchr,1,,HvyAnch1 V,A,A,H,*
SqAnchr,1,,HvyAnch1 V,A,A,H,*
,,,,,,,
Baldy,2,,Typhoon F,O,S,S,T
Raijun,2,,EleFang2 J,J,V,S,I
SqAnchr,1,,HvyAnch1 V,A,A,H,*
,,,,,,,
Orichalc,2,,MtlNplm D,B,M,M,S
Orichalc,2,,MtlNplm D,B,M,M,S
Raijun,2,,EleFang2 J,J,V,S,I
,,,,,,,
Raijun,2,,EleFang2 J,J,V,S,I
Orichalc,2,,MtlNplm D,B,M,M,S
Screwn,3,,ColdAir3 K,J,T,T,H
,,,,,,,
,,,,,,,
Cruise Comp 2,,,,,,,
Screwn,3,,ColdAir3 K,J,T,T,H
PnlMole,2,,PnlShot2 N,B,D,D,G
Screwn,3,,ColdAir3 K,J,T,T,H
,,,,,,,
DrilBit,2,,DigDril2 G,U,U,I,S
Orichalc,2,,MtlNplm D,B,M,M,S
Clawnch,3,,BubBlst3 Y,Y,T,S,G
,,,,,,,
SqAnchr,1,,HvyAnch1 V,A,A,H,*
SqAnchr,1,,HvyAnch1 V,A,A,H,*
SqAnchr,1,,HvyAnch1 V,A,A,H,*
,,,,,,,
Baldy,2,,Typhoon F,O,S,S,T
Raijun,2,,EleFang2 J,J,V,S,I
SqAnchr,1,,HvyAnch1 V,A,A,H,*
,,,,,,,
Orichalc,2,,MtlNplm D,B,M,M,S
Orichalc,2,,MtlNplm D,B,M,M,S
Raijun,2,,EleFang2 J,J,V,S,I
,,,,,,,
Raijun,2,,EleFang2 J,J,V,S,I
Orichalc,2,,MtlNplm D,B,M,M,S
Screwn,3,,ColdAir3 K,J,T,T,H
,,,,,,,
,,,,,,,
Cruise Comp 3,,,,,,,
Clawnch,3,,BubBlst3 Y,Y,T,S,G
Orichalc,2,,MtlNplm D,B,M,M,S
Clawnch,3,,BubBlst3 Y,Y,T,S,G
,,,,,,,
Baldy,2,,Typhoon F,O,S,S,T
DrilBit,2,,DigDril2 G,U,U,I,S
Screwn,3,,ColdAir3 K,J,T,T,H
,,,,,,,
SqAnchr,2,,HvyAnch2 F,Z,Z,S,M
Baldy,2,,Typhoon F,O,S,S,T
PnlMole,2,,PnlShot2 N,B,D,D,G
,,,,,,,
Screwn,3,,ColdAir3 K,J,T,T,H
Orichalc,2,,MtlNplm D,B,M,M,S
Screwn,3,,ColdAir3 K,J,T,T,H
,,,,,,,
SqAnchr,2,,HvyAnch2 F,Z,Z,S,M
Raijun,2,,EleFang2 J,J,V,S,I
SqAnchr,2,,HvyAnch2 F,Z,Z,S,M
,,,,,,,
Orichalc,2,,MtlNplm D,B,M,M,S
Raijun,2,,EleFang2 J,J,V,S,I
SqAnchr,2,,HvyAnch2 F,Z,Z,S,M
,,,,,,,
,,,,,,,
Cruise Comp 3,,,,,,,
Clawnch,3,,BubBlst3 Y,Y,T,S,G
Orichalc,2,,MtlNplm D,B,M,M,S
Clawnch,3,,BubBlst3 Y,Y,T,S,G
,,,,,,,
Baldy,2,,Typhoon F,O,S,S,T
DrilBit,2,,DigDril2 G,U,U,I,S
Screwn,3,,ColdAir3 K,J,T,T,H
,,,,,,,
SqAnchr,2,,HvyAnch2 F,Z,Z,S,M
Baldy,2,,Typhoon F,O,S,S,T
PnlMole,2,,PnlShot2 N,B,D,D,G
,,,,,,,
Screwn,3,,ColdAir3 K,J,T,T,H
Orichalc,2,,MtlNplm D,B,M,M,S
Screwn,3,,ColdAir3 K,J,T,T,H
,,,,,,,
SqAnchr,2,,HvyAnch2 F,Z,Z,S,M
Raijun,2,,EleFang2 J,J,V,S,I
SqAnchr,2,,HvyAnch2 F,Z,Z,S,M
,,,,,,,
Orichalc,2,,MtlNplm D,B,M,M,S
Raijun,2,,EleFang2 J,J,V,S,I
SqAnchr,2,,HvyAnch2 F,Z,Z,S,M
,,,,,,,
Murasa,1,,Murasa M,M,M,M,M
,,,,,,,
,,,,,,,
Motorbike Comp,,,,,,,
GelPack,1,,Hakkero1 J,P,S,S,*
GelPack,1,,Hakkero1 J,P,S,S,*
,,,,,,,
TinyOni,2,,ElChain2 J,L,L,F,C
TinyOni,2,,ElChain2 J,L,L,F,C
GelPack,1,,Hakkero1 J,P,S,S,*
,,,,,,,
TinyOni,3,,ElChain3 N,N,O,T,K
,,,,,,,
,,,,,,,
Eien High HP,,,,,,,
Wukong,1,,MnkyPol1 K,K,N,M,*
Wukong,1,,MnkyPol1 K,K,N,M,*
,,,,,,,
Wukong,2,,MnkyPol2 O,O,F,U,P
,,,,,,,
Wukong,1,,MnkyPol1 K,K,N,M,*
AxeHawk,1,,TomaHawk H,M,M,T,*
AxeHawk,1,,TomaHawk H,M,M,T,*
,,,,,,,
,,,,,,,
Eien Area 1,,,,,,,
AxeHawk,1,,TomaHawk H,M,M,T,*
GunHopr,2,,ShotGun2 K,T,L,L,R
,,,,,,,
FlwrTnk,1,,SeedCan1 N,N,T,C,*
FlwrTnk,1,,SeedCan1 N,N,T,C,*
,,,,,,,
Junks,2,,MagiBomb Z,Q,Q,V,M
GunHopr,2,,ShotGun2 K,T,L,L,R
CutLassi,1,,CrosSwrd B,B,A,L,*
,,,,,,,
FlwrTnk,1,,SeedCan1 N,N,T,C,*
GunHopr,2,,ShotGun2 K,T,L,L,R
CutLassi,1,,CrosSwrd B,B,A,L,*
,,,,,,,
KngBeetl,1,,AuraSrd1 B,B,D,S,*
AxeHawk,1,,TomaHawk H,M,M,T,*
FlwrTnk,1,,SeedCan1 N,N,T,C,*
,,,,,,,
Junks,2,,MagiBomb Z,Q,Q,V,M
AxeHawk,1,,TomaHawk H,M,M,T,*
AxeHawk,1,,TomaHawk H,M,M,T,*
,,,,,,,
PyroM,3,,PyroM P,P,PyroMV2 P,P,PyroMV3 P
,,,,,,,
PyroM,2,,PyroMV2 P,P,P,P,P
,,,,,,,
,,,,,,,
Eien Area 2,,,,,,,
FlwrTnk,1,,SeedCan1 N,N,T,C,*
FlwrTnk,1,,SeedCan1 N,N,T,C,*
FlwrTnk,1,,SeedCan1 N,N,T,C,*
,,,,,,,
Junks,2,,MagiBomb Z,Q,Q,V,M
FlwrTnk,1,,SeedCan1 N,N,T,C,*
AxeHawk,1,,TomaHawk H,M,M,T,*
,,,,,,,
Baldy,1,,GrasGale A,H,R,R,W
CutLassi,1,,CrosSwrd B,B,A,L,*
Baldy,1,,GrasGale A,H,R,R,W
,,,,,,,
Python,2,,BioSpry2 R,Y,Y,S,P
AxeHawk,1,,TomaHawk H,M,M,T,*
CutLassi,1,,CrosSwrd B,B,A,L,*
,,,,,,,
GunHopr,2,,ShotGun2 K,T,L,L,R
FlwrTnk,1,,SeedCan1 N,N,T,C,*
Python,2,,BioSpry2 R,Y,Y,S,P
,,,,,,,
Ghost,1,,GhostBdy V,V,I,I,*
Baldy,1,,GrasGale A,H,R,R,W
Ghost,1,,GhostBdy V,V,I,I,*
,,,,,,,
,,,,,,,
Eien Area 3,,,,,,,
FlwrTnk,1,,SeedCan1 N,N,T,C,*
FlwrTnk,1,,SeedCan1 N,N,T,C,*
FlwrTnk,1,,SeedCan1 N,N,T,C,*
,,,,,,,
FlwrTnk,1,,SeedCan1 N,N,T,C,*
Baldy,1,,GrasGale A,H,R,R,W
Baldy,1,,GrasGale A,H,R,R,W
,,,,,,,
Ghost,1,,GhostBdy V,V,I,I,*
Ghost,1,,GhostBdy V,V,I,I,*
,,,,,,,
CutLassi,1,,CrosSwrd B,B,A,L,*
CutLassi,1,,CrosSwrd B,B,A,L,*
,,,,,,,
Wooly,1,,TrapNet B,B,S,T,*
CutLassi,1,,CrosSwrd B,B,A,L,*
ObLily,2,,BrkShot J,H,F,B,B
,,,,,,,
Wooly,1,,TrapNet B,B,S,T,*
GunHopr,2,,ShotGun2 K,T,L,L,R
,,,,,,,
Wooly,1,,TrapNet B,B,S,T,*
Ghost,1,,GhostBdy V,V,I,I,*
Baldy,1,,GrasGale A,H,R,R,W
,,,,,,,
,,,,,,,
Eien Town Block 2,,,,,,,
HkuTkuM,2,,HkuTkuMV2 H,H,H,H,H
,,,,,,,
HkuTkuM,3,,HkuTkuM H,H,HkuTkuMV2 H,H,HkuTkuMV3 H
,,,,,,,
,,,,,,,
Demo Bonus Room,,,,,,,
Yorihime,2,,YorihimV2 Y,Y,Y,Y,Y
,,,,,,,
Yorihime,3,,Yorihime Y,Y,YorihimV2 Y,Y,YorihimV3 Y
,,,,,,,
UtsuhoDS,1,,Utsuho U,U,U,U,U
,,,,,,,
UtsuhoDS,4,,,,,,
,,,,,,,
UtsuhoDS,0,,UtsuhoDS U,U,U,U,U
,,,,,,,
Youmu,1,,Youmu Y,Y,Y,Y,Y
,,,,,,,
Youmu,4,,,,,,
,,,,,,,
,,,,,,,
Fire Hydrant Comp,,,,,,,
RayCann,1,,RayGun C,C,B,A,*
RayCann,1,,RayGun C,C,B,A,*
RayCann,1,,RayGun C,C,B,A,*
,,,,,,,
RayCann,1,,RayGun C,C,B,A,*
RayCann,1,,RayGun C,C,B,A,*
RayCann,1,,RayGun C,C,B,A,*
,,,,,,,
Clawnch,2,,BubBlst2 V,V,B,D,M
,,,,,,,
Junks,1,,DustBomb U,U,B,M,*
Ghost,4,,,,,,
Junks,2,,MagiBomb Z,Q,Q,V,M
,,,,,,,
,,,,,,,
Flower Bed Comp,,,,,,,
Kedama,1,,ShotWav J,C,C,A,*
Kedama,1,,ShotWav J,C,C,A,*
Kedama,1,,ShotWav J,C,C,A,*
,,,,,,,
Kedama,1,,ShotWav J,C,C,A,*
Kedama,1,,ShotWav J,C,C,A,*
,,,,,,,
GunHopr,2,,ShotGun2 K,T,L,L,R
,,,,,,,
,,,,,,,
Fountain Comp,,,,,,,
Screwn,2,,ColdAir2 Q,B,I,I,U
,,,,,,,
HatFrog,1,,Tadpole1 K,S,S,Y,*
HatFrog,1,,Tadpole1 K,S,S,Y,*
Screwn,1,,ColdAir1 F,R,C,C,*
,,,,,,,
HatFrog,1,,Tadpole1 K,S,S,Y,*
HatFrog,1,,Tadpole1 K,S,S,Y,*
HatFrog,1,,Tadpole1 K,S,S,Y,*
,,,,,,,
,,,,,,,
Game Center,,,,,,,
NormalNavi,9,,,,,,
,,,,,,,
NormalNavi,2,,,,,,
Juragon,1,,DrgnFlm1 D,D,N,G,*
Juragon,2,,DrgnFlm2 R,R,E,Q,C
,,,,,,,
HkuTkuM,1,,HkuTkuM H,H,H,H,H
,,,,,,,
NormalNavi,6,,,,,,
,,,,,,,
SpannerM,1,,SpannerM S,S,S,S,S
,,,,,,,
TortosM,1,,TortosM T,T,T,T,T
,,,,,,,
,,,,,,,
Genso Town,,,,,,,
TankM,1,,TankM T,T,T,T,T
,,,,,,,
TankM,2,,TankMV2 T,T,T,T,T
,,,,,,,
TankM,3,,TankM T,T,TankMV2 T,T,TankMV3 T
,,,,,,,
Iku,2,,IkuV2 I,I,I,I,I
,,,,,,,
Iku,3,,Iku I,I,IkuV2 I,I,ElecDril I
,,,,,,,
,,,,,,,
Genso Area 1,,,,,,,
Kedama,1,,ShotWav J,C,C,A,*
Kedama,1,,ShotWav J,C,C,A,*
,,,,,,,
RayCann,1,,RayGun C,C,B,A,*
Kedama,1,,ShotWav J,C,C,A,*
RayCann,1,,RayGun C,C,B,A,*
,,,,,,,
Junks,1,,DustBomb U,U,B,M,*
RayCann,1,,RayGun C,C,B,A,*
,,,,,,,
TinyOni,1,,ElChain1 J,R,S,S,*
Kedama,1,,ShotWav J,C,C,A,*
Kedama,1,,ShotWav J,C,C,A,*
,,,,,,,
PnlMole,1,,PnlShot1 U,U,G,T,*
RayCann,1,,RayGun C,C,B,A,*
,,,,,,,
TinyOni,1,,ElChain1 J,R,S,S,*
TinyOni,1,,ElChain1 J,R,S,S,*
,,,,,,,
Kedama,1,,ShotWav J,C,C,A,*
Kedama,1,,ShotWav J,C,C,A,*
Kedama,1,,ShotWav J,C,C,A,*
,,,,,,,
Junks,1,,DustBomb U,U,B,M,*
PnlMole,1,,PnlShot1 U,U,G,T,*
,,,,,,,
,,,,,,,
Genso Area 2,,,,,,,
RayCann,1,,RayGun C,C,B,A,*
Junks,1,,DustBomb U,U,B,M,*
Junks,1,,DustBomb U,U,B,M,*
,,,,,,,
Kedama,1,,ShotWav J,C,C,A,*
Kedama,1,,ShotWav J,C,C,A,*
TinyOni,1,,ElChain1 J,R,S,S,*
,,,,,,,
Junks,1,,DustBomb U,U,B,M,*
Kedama,1,,ShotWav J,C,C,A,*
Kedama,1,,ShotWav J,C,C,A,*
,,,,,,,
GunHopr,1,,ShotGun1 P,P,C,S,*
PnlMole,1,,PnlShot1 U,U,G,T,*
GunHopr,1,,ShotGun1 P,P,C,S,*
,,,,,,,
TinyOni,1,,ElChain1 J,R,S,S,*
GunHopr,1,,ShotGun1 P,P,C,S,*
,,,,,,,
RayCann,1,,RayGun C,C,B,A,*
PnlMole,1,,PnlShot1 U,U,G,T,*
RayCann,1,,RayGun C,C,B,A,*
,,,,,,,
Clawnch,1,,BubBlst1 Z,Q,A,A,*
Clawnch,1,,BubBlst1 Z,Q,A,A,*
Clawnch,1,,BubBlst1 Z,Q,A,A,*
,,,,,,,
Screwn,1,,ColdAir1 F,R,C,C,*
Screwn,1,,ColdAir1 F,R,C,C,*
Clawnch,1,,BubBlst1 Z,Q,A,A,*
,,,,,,,
Cirno,3,,Cirno C,C,CirnoV2 C,C,CirnoV3 C
,,,,,,,
Cirno,2,,CirnoV2 C,C,C,C,C
,,,,,,,
,,,,,,,
Genso Square,,,,,,,
Sakuya,1,,Sakuya S,S,S,S,S
,,,,,,,
,,,,,,,
University Entrance,,,,,,,
RayCann,3,,GRayGun F,A,I,C,C
,,,,,,,
,,,,,,,
Morichika’s Lab,,,,,,,
Sakuya,1,,Sakuya S,S,S,S,S
,,,,,,,
Medicine,2,,MedicinV2 M,M,M,M,M
,,,,,,,
Medicine,3,,Medicine M,M,MedicinV2 M,M,MedicinV3 M
,,,,,,,
,,,,,,,
Hakurei Shrine,,,,,,,
TortosM,2,,TortosMV2 T,T,T,T,T
,,,,,,,
TortosM,3,,TortosM T,T,TortosMV2 T,T,TortosMV3 T
,,,,,,,
,,,,,,,
White Heaven Area 1,,,,,,,
FlwrTnk,4,,,,,,
FlaMeow,4,,,,,,
TinyOni,4,,,,,,
,,,,,,,
,,,,,,,
Hospital Comp 1,,,,,,,
Crasher,2,,CrshLnk2 B,K,K,L,I
FlaMeow,3,,FireArm3 J,J,O,P,I
Crasher,2,,CrshLnk2 B,K,K,L,I
,,,,,,,
Flire,1,,FlarGun A,F,F,R,*
Flire,2,,MFlarGun P,K,M,M,U
Flire,1,,FlarGun A,F,F,R,*
,,,,,,,
Wooly,2,,FireNet V,V,F,B,G
Flire,1,,FlarGun A,F,F,R,*
Crasher,2,,CrshLnk2 B,K,K,L,I
,,,,,,,
FlaMeow,3,,FireArm3 J,J,O,P,I
Flire,1,,FlarGun A,F,F,R,*
Flire,2,,MFlarGun P,K,M,M,U
,,,,,,,
Crasher,2,,CrshLnk2 B,K,K,L,I
Crasher,2,,CrshLnk2 B,K,K,L,I
Ghost,2,,ShadoBdy N,N,D,D,*
,,,,,,,
Ghost,2,,ShadoBdy N,N,D,D,*
Wooly,2,,FireNet V,V,F,B,G
Flire,1,,FlarGun A,F,F,R,*
,,,,,,,
,,,,,,,
Hospital Comp 2,,,,,,,
Flire,3,,GFlarGun V,B,B,G,R
Flire,2,,MFlarGun P,K,M,M,U
Flire,1,,FlarGun A,F,F,R,*
,,,,,,,
Juragon,2,,DrgnFlm2 R,R,E,Q,C
,,,,,,,
FlaMeow,3,,FireArm3 J,J,O,P,I
Ghost,3,,SynchBdy R,L,L,F,F
Wooly,3,,PoisNet W,W,M,R,P
,,,,,,,
FlaMeow,3,,FireArm3 J,J,O,P,I
Flire,3,,GFlarGun V,B,B,G,R
FlaMeow,3,,FireArm3 J,J,O,P,I
,,,,,,,
Flire,3,,GFlarGun V,B,B,G,R
Flire,3,,GFlarGun V,B,B,G,R
,,,,,,,
Juragon,2,,DrgnFlm2 R,R,E,Q,C
Juragon,2,,DrgnFlm2 R,R,E,Q,C
,,,,,,,
Ghost,3,,SynchBdy R,L,L,F,F
Ghost,3,,SynchBdy R,L,L,F,F
,,,,,,,
Wooly,2,,FireNet V,V,F,B,G
Wooly,2,,FireNet V,V,F,B,G
FlaMeow,3,,FireArm3 J,J,O,P,I
,,,,,,,
UtsuhoDS,1,,Utsuho U,U,U,U,U
,,,,,,,
UtsuhoDS,1,,Utsuho U,U,U,U,U
,,,,,,,
,,,,,,,
Hospital TV Comp,,,,,,,
Baldy,1,,GrasGale A,H,R,R,W
Baldy,1,,GrasGale A,H,R,R,W
,,,,,,,
FalLeaf,1,,LeafWav1 K,K,A,I,*
Baldy,1,,GrasGale A,H,R,R,W
,,,,,,,
FalLeaf,2,,LeafWav2 H,H,F,O,P
,,,,,,,
,,,,,,,
Hospital TV Comp EV,,,,,,,
Baldy,1,,GrasGale A,H,R,R,W
Baldy,1,,GrasGale A,H,R,R,W
,,,,,,,
FalLeaf,1,,LeafWav1 K,K,A,I,*
Baldy,1,,GrasGale A,H,R,R,W
,,,,,,,
FalLeaf,2,,LeafWav2 H,H,F,O,P
,,,,,,,
,,,,,,,
Hotel HP,,,,,,,
FalLeaf,2,,LeafWav2 H,H,F,O,P
FalLeaf,2,,LeafWav2 H,H,F,O,P
,,,,,,,
GunHopr,3,,ShotGun3 A,D,M,M,G
FalLeaf,2,,LeafWav2 H,H,F,O,P
,,,,,,,
FalLeaf,3,,LeafWav3 K,K,H,Y,W
,,,,,,,
,,,,,,,
Hotel Fridge Comp,,,,,,,
Crasher,3,,CrshLnk3 L,L,F,R,H
,,,,,,,
Screwn,3,,ColdAir3 K,J,T,T,H
Screwn,3,,ColdAir3 K,J,T,T,H
,,,,,,,
Screwn,3,,ColdAir3 K,J,T,T,H
Screwn,3,,ColdAir3 K,J,T,T,H
Crasher,2,,CrshLnk2 B,K,K,L,I
,,,,,,,
,,,,,,,
Engelles Area 1,,,,,,,
Wooly,2,,FireNet V,V,F,B,G
FlwrTnk,2,,SeedCan2 Z,Z,V,S,T
GelPack,3,,Hakkero3 V,V,F,Y,D
,,,,,,,
EvilEye,1,,ChrgCan1 M,M,F,Y,*
Wooly,2,,FireNet V,V,F,B,G
EvilEye,1,,ChrgCan1 M,M,F,Y,*
,,,,,,,
FlwrTnk,2,,SeedCan2 Z,Z,V,S,T
CutLassi,2,,StepSwrd J,R,R,G,T
FlwrTnk,2,,SeedCan2 Z,Z,V,S,T
,,,,,,,
GelPack,3,,Hakkero3 V,V,F,Y,D
EvilEye,1,,ChrgCan1 M,M,F,Y,*
GelPack,3,,Hakkero3 V,V,F,Y,D
,,,,,,,
CutLassi,2,,StepSwrd J,R,R,G,T
CutLassi,2,,StepSwrd J,R,R,G,T
,,,,,,,
Murasa,2,,MurasaV2 M,M,M,M,M
,,,,,,,
,,,,,,,
Engelles Area 2,,,,,,,
HatFrog,2,,Tadpole2 E,E,C,M,N
LibeRdr,2,,ChainGn2 L,B,B,T,O
HatFrog,2,,Tadpole2 E,E,C,M,N
,,,,,,,
HatFrog,2,,Tadpole2 E,E,C,M,N
AxeHawk,2,,MegaHawk G,G,D,N,S
Clawnch,3,,BubBlst3 Y,Y,T,S,G
,,,,,,,
EvilEye,1,,ChrgCan1 M,M,F,Y,*
EvilEye,1,,ChrgCan1 M,M,F,Y,*
LibeRdr,2,,ChainGn2 L,B,B,T,O
,,,,,,,
Wooly,2,,FireNet V,V,F,B,G
AxeHawk,2,,MegaHawk G,G,D,N,S
EvilEye,1,,ChrgCan1 M,M,F,Y,*
,,,,,,,
Clawnch,3,,BubBlst3 Y,Y,T,S,G
Clawnch,3,,BubBlst3 Y,Y,T,S,G
,,,,,,,
,,,,,,,
Engelles Area 3,,,,,,,
FalLeaf,2,,LeafWav2 H,H,F,O,P
GunHopr,3,,ShotGun3 A,D,M,M,G
GunHopr,3,,ShotGun3 A,D,M,M,G
,,,,,,,
EvilEye,1,,ChrgCan1 M,M,F,Y,*
CutLassi,2,,StepSwrd J,R,R,G,T
Wukong,2,,MnkyPol2 O,O,F,U,P
,,,,,,,
GunHopr,3,,ShotGun3 A,D,M,M,G
EvilEye,1,,ChrgCan1 M,M,F,Y,*
EvilEye,1,,ChrgCan1 M,M,F,Y,*
,,,,,,,
GunHopr,3,,ShotGun3 A,D,M,M,G
CutLassi,2,,StepSwrd J,R,R,G,T
CutLassi,2,,StepSwrd J,R,R,G,T
,,,,,,,
CutLassi,2,,StepSwrd J,R,R,G,T
FalLeaf,2,,LeafWav2 H,H,F,O,P
Wukong,2,,MnkyPol2 O,O,F,U,P
,,,,,,,
Murasa,3,,Murasa M,M,MurasaV2 M,M,MurasaV3 M
,,,,,,,
Screwn,3,,ColdAir3 K,J,T,T,H
Screwn,3,,ColdAir3 K,J,T,T,H
Screwn,3,,ColdAir3 K,J,T,T,H
,,,,,,,
Clawnch,3,,BubBlst3 Y,Y,T,S,G
Clawnch,3,,BubBlst3 Y,Y,T,S,G
Clawnch,3,,BubBlst3 Y,Y,T,S,G
,,,,,,,
,,,,,,,
Shrine Comp 1,,,,,,,
RaijnWar,1,,HeatSwrd D,B,S,S,S
Tanukit,1,,TanuGod1 G,H,H,N,*
Fujin,2,,HotStorm F,D,D,B,H
,,,,,,,
RaijnWar,1,,HeatSwrd D,B,S,S,S
RaijnWar,1,,HeatSwrd D,B,S,S,S
Wukong,1,,MnkyPol1 K,K,N,M,*
,,,,,,,
Tanukit,1,,TanuGod1 G,H,H,N,*
DrilBit,1,,DigDril1 B,M,M,D,*
HatFrog,1,,Tadpole1 K,S,S,Y,*
,,,,,,,
Wukong,1,,MnkyPol1 K,K,N,M,*
DrilBit,1,,DigDril1 B,M,M,D,*
Tanukit,1,,TanuGod1 G,H,H,N,*
,,,,,,,
HatFrog,1,,Tadpole1 K,S,S,Y,*
HatFrog,1,,Tadpole1 K,S,S,Y,*
,,,,,,,
,,,,,,,
Shrine Comp 2,,,,,,,
DrilBit,1,,DigDril1 B,M,M,D,*
HatFrog,1,,Tadpole1 K,S,S,Y,*
Fujin,2,,HotStorm F,D,D,B,H
,,,,,,,
RaijnWar,1,,HeatSwrd D,B,S,S,S
Wukong,1,,MnkyPol1 K,K,N,M,*
HatFrog,1,,Tadpole1 K,S,S,Y,*
,,,,,,,
Tanukit,1,,TanuGod1 G,H,H,N,*
Tanukit,1,,TanuGod1 G,H,H,N,*
Tanukit,1,,TanuGod1 G,H,H,N,*
,,,,,,,
Wukong,1,,MnkyPol1 K,K,N,M,*
RaijnWar,1,,HeatSwrd D,B,S,S,S
Tanukit,1,,TanuGod1 G,H,H,N,*
,,,,,,,
FalLeaf,1,,LeafWav1 K,K,A,I,*
Fujin,2,,HotStorm F,D,D,B,H
,,,,,,,
FalLeaf,1,,LeafWav1 K,K,A,I,*
HatFrog,1,,Tadpole1 K,S,S,Y,*
,,,,,,,
,,,,,,,
Shrine Comp 3,,,,,,,
Fujin,2,,HotStorm F,D,D,B,H
HatFrog,1,,Tadpole1 K,S,S,Y,*
Fujin,2,,HotStorm F,D,D,B,H
,,,,,,,
Wukong,1,,MnkyPol1 K,K,N,M,*
FalLeaf,1,,LeafWav1 K,K,A,I,*
HatFrog,1,,Tadpole1 K,S,S,Y,*
,,,,,,,
Wukong,1,,MnkyPol1 K,K,N,M,*
FalLeaf,1,,LeafWav1 K,K,A,I,*
Wukong,1,,MnkyPol1 K,K,N,M,*
,,,,,,,
RaijnWar,1,,HeatSwrd D,B,S,S,S
RaijnWar,1,,HeatSwrd D,B,S,S,S
RaijnWar,1,,HeatSwrd D,B,S,S,S
,,,,,,,
Fujin,2,,HotStorm F,D,D,B,H
Wukong,1,,MnkyPol1 K,K,N,M,*
Tanukit,1,,TanuGod1 G,H,H,N,*
,,,,,,,
PyroM,1,,PyroM P,P,P,P,P
,,,,,,,
,,,,,,,
Tank Comp,,,,,,,
RayCann,2,,MRayGun D,D,C,B,*
RayCann,2,,MRayGun D,D,C,B,*
RayCann,2,,MRayGun D,D,C,B,*
,,,,,,,
RayCann,2,,MRayGun D,D,C,B,*
FlaMeow,1,,FireArm1 F,F,M,R,*
RayCann,2,,MRayGun D,D,C,B,*
,,,,,,,
RayCann,3,,GRayGun F,A,I,C,C
,,,,,,,
,,,,,,,
Library Database Comp,,,,,,,
Python,2,,BioSpry2 R,Y,Y,S,P
,,,,,,,
Legion,1,,Lance R,L,L,S,*
Legion,1,,Lance R,L,L,S,*
,,,,,,,
Python,1,,BioSpry1 O,O,I,B,*
Python,1,,BioSpry1 O,O,I,B,*
,,,,,,,
Clawnch,2,,BubBlst2 V,V,B,D,M
ObLily,2,,BrkShot J,H,F,B,B
TinyOni,2,,ElChain2 J,L,L,F,C
,,,,,,,
,,,,,,,
Sunken Ship Comp 1,,,,,,,
Baldy,2,,Typhoon F,O,S,S,T
Baldy,4,,,,,,
,,,,,,,
Screwn,4,,ColdAir1 C,F,ColdAir2 Q,ColdAir3 K,ColdAir1 *
HatFrog,3,,Tadpole3 S,S,O,N,P
,,,,,,,
Clawnch,4,,,,,,
Clawnch,4,,,,,,
Clawnch,4,,,,,,
,,,,,,,
RaijnWar,3,,IceSwrd A,I,S,S,C
HatFrog,4,,,,,,
Screwn,3,,ColdAir3 K,J,T,T,H
,,,,,,,
Screwn,4,,ColdAir1 C,F,ColdAir2 Q,ColdAir3 K,ColdAir1 *
RaijnWar,3,,IceSwrd A,I,S,S,C
Screwn,4,,ColdAir1 C,F,ColdAir2 Q,ColdAir3 K,ColdAir1 *
,,,,,,,
Ghost,3,,SynchBdy R,L,L,F,F
Ghost,4,,,,,,
Ghost,3,,SynchBdy R,L,L,F,F
,,,,,,,
NormalNavi,16,,,,,,
,,,,,,,
NormalNavi,18,,,,,,
,,,,,,,
NormalNavi,17,,,,,,
,,,,,,,
,,,,,,,
Sunken Ship Comp 2,,,,,,,
DrilBit,3,,DigDril3 F,F,N,P,A
DrilBit,4,,,,,,
DrilBit,3,,DigDril3 F,F,N,P,A
,,,,,,,
HatFrog,4,,,,,,
HatFrog,3,,Tadpole3 S,S,O,N,P
,,,,,,,
SqAnchr,3,,HvyAnch3 N,N,J,T,R
SqAnchr,4,,,,,,
DrilBit,3,,DigDril3 F,F,N,P,A
,,,,,,,
Baldy,2,,Typhoon F,O,S,S,T
Baldy,3,,SndStorm D,N,R,R,S
Baldy,4,,,,,,
,,,,,,,
RaijnWar,4,,,,,,
DrilBit,3,,DigDril3 F,F,N,P,A
DrilBit,3,,DigDril3 F,F,N,P,A
,,,,,,,
Ghost,4,,,,,,
Ghost,4,,,,,,
,,,,,,,
NormalNavi,16,,,,,,
,,,,,,,
NormalNavi,18,,,,,,
,,,,,,,
NormalNavi,17,,,,,,
,,,,,,,
,,,,,,,
Mari’s HP,,,,,,,
GelPack,1,,Hakkero1 J,P,S,S,*
GelPack,1,,Hakkero1 J,P,S,S,*
,,,,,,,
GelPack,1,,Hakkero1 J,P,S,S,*
GelPack,1,,Hakkero1 J,P,S,S,*
GelPack,1,,Hakkero1 J,P,S,S,*
,,,,,,,
GelPack,1,,Hakkero1 J,P,S,S,*
GelPack,1,,Hakkero1 J,P,S,S,*
GelPack,1,,Hakkero1 J,P,S,S,*
,,,,,,,
,,,,,,,
Mari’s Room,,,,,,,
Marisa,1,,Marisa M,M,M,M,M
,,,,,,,
Marisa,2,,MarisaV2 M,M,M,M,M
,,,,,,,
Marisa,3,,Marisa M,M,MarisaV2 M,M,MarisaV3 M
,,,,,,,
,,,,,,,
Tsubaki’s HP,,,,,,,
Orichalc,2,,MtlNplm D,B,M,M,S
Orichalc,2,,MtlNplm D,B,M,M,S
,,,,,,,
PnlMole,1,,PnlShot1 U,U,G,T,*
Orichalc,2,,MtlNplm D,B,M,M,S
PnlMole,1,,PnlShot1 U,U,G,T,*
,,,,,,,
PnlMole,2,,PnlShot2 N,B,D,D,G
,,,,,,,
,,,,,,,
Tsubaki’s Room,,,,,,,
SpannerM,2,,SpannrMV2 S,S,S,S,S
,,,,,,,
SpannerM,3,,SpannerM S,S,SpannrMV2 S,S,SpannrMV3 S
,,,,,,,
,,,,,,,
Nekodolphin Comp,,,,,,,
Kedama,3,,GrounWav J,S,S,A,C
Kedama,3,,GrounWav J,S,S,A,C
,,,,,,,
Kedama,4,,GiantWav B,B,V,T,G
,,,,,,,
Kedama,3,,GrounWav J,S,S,A,C
Kedama,3,,GrounWav J,S,S,A,C
Kedama,3,,GrounWav J,S,S,A,C
,,,,,,,
,,,,,,,
Agent Center Lobby,,,,,,,
Yorihime,2,,YorihimV2 Y,Y,Y,Y,Y
,,,,,,,
Yorihime,3,,Yorihime Y,Y,YorihimV2 Y,Y,YorihimV3 Y
,,,,,,,
,,,,,,,
Game Center NBM Comp,,,,,,,
Legion,3,,PaldnLnc R,R,U,S,P
,,,,,,,
Legion,2,,KnghtLnc N,K,L,L,Y
Legion,2,,KnghtLnc N,K,L,L,Y
,,,,,,,
Legion,2,,KnghtLnc N,K,L,L,Y
Legion,2,,KnghtLnc N,K,L,L,Y
Legion,2,,KnghtLnc N,K,L,L,Y
,,,,,,,
,,,,,,,
Lab NBM Comp,,,,,,,
Fujin,1,,Storm J,S,S,C,*
Fujin,1,,Storm J,S,S,C,*
,,,,,,,
Legion,1,,Lance R,L,L,S,*
Legion,1,,Lance R,L,L,S,*
,,,,,,,
Orichalc,2,,MtlNplm D,B,M,M,S
,,,,,,,
Yorihime,1,,Yorihime Y,Y,Y,Y,Y
,,,,,,,
,,,,,,,
Telephone Comp,,,,,,,
GelPack,1,,Hakkero1 J,P,S,S,*
Orichalc,1,,BrnzNplm N,O,R,R,*
,,,,,,,
GelPack,1,,Hakkero1 J,P,S,S,*
GelPack,1,,Hakkero1 J,P,S,S,*
Orichalc,1,,BrnzNplm N,O,R,R,*
,,,,,,,
GelPack,2,,Hakkero2 W,R,C,M,M
,,,,,,,
,,,,,,,
Photo Frame Comp,,,,,,,
Ghost,1,,GhostBdy V,V,I,I,*
Ghost,1,,GhostBdy V,V,I,I,*
,,,,,,,
Ghost,1,,GhostBdy V,V,I,I,*
FlaMeow,1,,FireArm1 F,F,M,R,*
FlaMeow,1,,FireArm1 F,F,M,R,*
,,,,,,,
Ghost,2,,ShadoBdy N,N,D,D,*
,,,,,,,
,,,,,,,
Postbox Comp,,,,,,,
Wooly,1,,TrapNet B,B,S,T,*
Wooly,1,,TrapNet B,B,S,T,*
,,,,,,,
Wooly,1,,TrapNet B,B,S,T,*
Wooly,1,,TrapNet B,B,S,T,*
Crasher,1,,CrshLnk1 G,N,D,D,*
,,,,,,,
Crasher,2,,CrshLnk2 B,K,K,L,I
,,,,,,,
,,,,,,,
Fridge Comp 1,,,,,,,
Kedama,1,,ShotWav J,C,C,A,*
Screwn,1,,ColdAir1 F,R,C,C,*
,,,,,,,
PnlMole,1,,PnlShot1 U,U,G,T,*
Kedama,1,,ShotWav J,C,C,A,*
Clawnch,1,,BubBlst1 Z,Q,A,A,*
,,,,,,,
Clawnch,1,,BubBlst1 Z,Q,A,A,*
Clawnch,1,,BubBlst1 Z,Q,A,A,*
,,,,,,,
Screwn,1,,ColdAir1 F,R,C,C,*
Screwn,1,,ColdAir1 F,R,C,C,*
Screwn,1,,ColdAir1 F,R,C,C,*
,,,,,,,
PnlMole,1,,PnlShot1 U,U,G,T,*
Clawnch,1,,BubBlst1 Z,Q,A,A,*
PnlMole,1,,PnlShot1 U,U,G,T,*
,,,,,,,
,,,,,,,
Fridge Comp 2,,,,,,,
Screwn,1,,ColdAir1 F,R,C,C,*
Screwn,1,,ColdAir1 F,R,C,C,*
Clawnch,1,,BubBlst1 Z,Q,A,A,*
,,,,,,,
PnlMole,1,,PnlShot1 U,U,G,T,*
PnlMole,1,,PnlShot1 U,U,G,T,*
Screwn,1,,ColdAir1 F,R,C,C,*
,,,,,,,
Clawnch,1,,BubBlst1 Z,Q,A,A,*
Clawnch,1,,BubBlst1 Z,Q,A,A,*
Clawnch,1,,BubBlst1 Z,Q,A,A,*
,,,,,,,
Screwn,1,,ColdAir1 F,R,C,C,*
PnlMole,1,,PnlShot1 U,U,G,T,*
Screwn,1,,ColdAir1 F,R,C,C,*
,,,,,,,
Cirno,1,,Cirno C,C,C,C,C
,,,,,,,
,,,,,,,
Remilia’s Room,,,,,,,
Sakuya,2,,SakuyaV2 S,S,S,S,S
,,,,,,,
Sakuya,3,,Sakuya S,S,SakuyaV2 S,S,TimeStop *
,,,,,,,
,,,,,,,
Remilia’s HP,,,,,,,
Legion,1,,Lance R,L,L,S,*
Legion,1,,Lance R,L,L,S,*
,,,,,,,
BibiBat,1,,GrvBall1 J,S,S,A,*
BibiBat,1,,GrvBall1 J,S,S,A,*
,,,,,,,
BibiBat,2,,GrvBall2 G,G,L,S,D
,,,,,,,
Sakuya,2,,SakuyaV2 S,S,S,S,S
,,,,,,,
Sakuya,3,,Sakuya S,S,SakuyaV2 S,S,TimeStop *
,,,,,,,
,,,,,,,
Rika’s Room,,,,,,,
TankM,1,,TankM T,T,T,T,T
,,,,,,,
TankM,2,,TankMV2 T,T,T,T,T
,,,,,,,
TankM,3,,TankM T,T,TankMV2 T,T,TankMV3 T
,,,,,,,
Iku,2,,IkuV2 I,I,I,I,I
,,,,,,,
Iku,3,,Iku I,I,IkuV2 I,I,ElecDril I
,,,,,,,
,,,,,,,
Rika’s HP,,,,,,,
FlwrTnk,1,,SeedCan1 N,N,T,C,*
FlwrTnk,1,,SeedCan1 N,N,T,C,*
,,,,,,,
EvilEye,1,,ChrgCan1 M,M,F,Y,*
,,,,,,,
FlwrTnk,1,,SeedCan1 N,N,T,C,*
FlwrTnk,1,,SeedCan1 N,N,T,C,*
,,,,,,,
Iku,2,,IkuV2 I,I,I,I,I
,,,,,,,
Iku,3,,Iku I,I,IkuV2 I,I,ElecDril I
,,,,,,,
,,,,,,,
ROM Base Warehouse,,,,,,,
Sakuya,2,,SakuyaV2 S,S,S,S,S
,,,,,,,
Sakuya,3,,Sakuya S,S,SakuyaV2 S,S,TimeStop *
,,,,,,,
,,,,,,,
ROM Base Hallway,,,,,,,
Marisa,1,,Marisa M,M,M,M,M
,,,,,,,
Marisa,2,,MarisaV2 M,M,M,M,M
,,,,,,,
Marisa,3,,Marisa M,M,MarisaV2 M,M,MarisaV3 M
,,,,,,,
Iku,2,,IkuV2 I,I,I,I,I
,,,,,,,
Iku,3,,Iku I,I,IkuV2 I,I,ElecDril I
,,,,,,,
,,,,,,,
ROM Base Exterior,,,,,,,
SpannerM,2,,SpannrMV2 S,S,S,S,S
,,,,,,,
SpannerM,3,,SpannerM S,S,SpannrMV2 S,S,SpannrMV3 S
,,,,,,,
TankM,1,,TankM T,T,T,T,T
,,,,,,,
TankM,2,,TankMV2 T,T,T,T,T
,,,,,,,
TankM,3,,TankM T,T,TankMV2 T,T,TankMV3 T
,,,,,,,
,,,,,,,
ROM Screen Comp,,,,,,,
Wooly,3,,PoisNet W,W,M,R,P
Wooly,3,,PoisNet W,W,M,R,P
,,,,,,,
Wooly,1,,TrapNet B,B,S,T,*
Wooly,2,,FireNet V,V,F,B,G
Wooly,3,,PoisNet W,W,M,R,P
,,,,,,,
Wooly,4,,,,,,
,,,,,,,
,,,,,,,
ROM Base Gate Comp,,,,,,,
RaijnWar,3,,IceSwrd A,I,S,S,C
RaijnWar,3,,IceSwrd A,I,S,S,C
,,,,,,,
RaijnWar,1,,HeatSwrd D,B,S,S,S
RaijnWar,2,,LeafSwrd R,W,S,S,H
RaijnWar,3,,IceSwrd A,I,S,S,C
,,,,,,,
RaijnWar,4,,,,,,
,,,,,,,
,,,,,,,
ROM Comp 1,,,,,,,
SqAnchr,3,,HvyAnch3 N,N,J,T,R
Clawnch,3,,BubBlst3 Y,Y,T,S,G
Clawnch,3,,BubBlst3 Y,Y,T,S,G
,,,,,,,
SqAnchr,3,,HvyAnch3 N,N,J,T,R
SqAnchr,3,,HvyAnch3 N,N,J,T,R
ObLily,3,,ColdShot O,O,J,A,C
,,,,,,,
Clawnch,3,,BubBlst3 Y,Y,T,S,G
HatFrog,3,,Tadpole3 S,S,O,N,P
Clawnch,3,,BubBlst3 Y,Y,T,S,G
,,,,,,,
Clawnch,3,,BubBlst3 Y,Y,T,S,G
RayCann,4,,RayGun A,MRayGun C,GRayGun F,RayGun *,MRayGun *
RayCann,4,,RayGun A,MRayGun C,GRayGun F,RayGun *,MRayGun *
,,,,,,,
HatFrog,3,,Tadpole3 S,S,O,N,P
HatFrog,3,,Tadpole3 S,S,O,N,P
,,,,,,,
HatFrog,3,,Tadpole3 S,S,O,N,P
Kedama,4,,GiantWav B,B,V,T,G
ObLily,3,,ColdShot O,O,J,A,C
,,,,,,,
ObLily,3,,ColdShot O,O,J,A,C
ObLily,3,,ColdShot O,O,J,A,C
,,,,,,,
Kedama,3,,GrounWav J,S,S,A,C
RayCann,4,,RayGun A,MRayGun C,GRayGun F,RayGun *,MRayGun *
Kedama,4,,GiantWav B,B,V,T,G
,,,,,,,
ObLily,3,,ColdShot O,O,J,A,C
ObLily,3,,ColdShot O,O,J,A,C
ObLily,3,,ColdShot O,O,J,A,C
,,,,,,,
ObLily,3,,ColdShot O,O,J,A,C
Kedama,4,,GiantWav B,B,V,T,G
Kedama,4,,GiantWav B,B,V,T,G
,,,,,,,
Kedama,4,,GiantWav B,B,V,T,G
Kedama,4,,GiantWav B,B,V,T,G
RayCann,4,,RayGun A,MRayGun C,GRayGun F,RayGun *,MRayGun *
,,,,,,,
Kedama,4,,GiantWav B,B,V,T,G
RayCann,4,,RayGun A,MRayGun C,GRayGun F,RayGun *,MRayGun *
RayCann,4,,RayGun A,MRayGun C,GRayGun F,RayGun *,MRayGun *
,,,,,,,
,,,,,,,
ROM Comp 2,,,,,,,
Tanukit,3,,TanuGod3 I,I,S,R,Q
Tanukit,3,,TanuGod3 I,I,S,R,Q
FalLeaf,3,,LeafWav3 K,K,H,Y,W
,,,,,,,
Tanukit,3,,TanuGod3 I,I,S,R,Q
FlaMeow,3,,FireArm3 J,J,O,P,I
AxeHawk,3,,GigaHawk U,U,N,R,D
,,,,,,,
FalLeaf,3,,LeafWav3 K,K,H,Y,W
Wukong,3,,MnkyPol3 W,W,K,H,Y
Flire,3,,GFlarGun V,B,B,G,R
,,,,,,,
FalLeaf,3,,LeafWav3 K,K,H,Y,W
AxeHawk,3,,GigaHawk U,U,N,R,D
AxeHawk,3,,GigaHawk U,U,N,R,D
,,,,,,,
Wukong,3,,MnkyPol3 W,W,K,H,Y
Wukong,3,,MnkyPol3 W,W,K,H,Y
Wukong,3,,MnkyPol3 W,W,K,H,Y
,,,,,,,
Wukong,3,,MnkyPol3 W,W,K,H,Y
FlaMeow,3,,FireArm3 J,J,O,P,I
Tanukit,3,,TanuGod3 I,I,S,R,Q
,,,,,,,
FlaMeow,3,,FireArm3 J,J,O,P,I
FlaMeow,3,,FireArm3 J,J,O,P,I
FlaMeow,3,,FireArm3 J,J,O,P,I
,,,,,,,
FlaMeow,3,,FireArm3 J,J,O,P,I
AxeHawk,3,,GigaHawk U,U,N,R,D
FalLeaf,3,,LeafWav3 K,K,H,Y,W
,,,,,,,
Flire,3,,GFlarGun V,B,B,G,R
Flire,3,,GFlarGun V,B,B,G,R
FlaMeow,3,,FireArm3 J,J,O,P,I
,,,,,,,
Flire,3,,GFlarGun V,B,B,G,R
AxeHawk,3,,GigaHawk U,U,N,R,D
AxeHawk,3,,GigaHawk U,U,N,R,D
,,,,,,,
,,,,,,,
ROM Comp 3,,,,,,,
PnlMole,3,,PnlShot3 E,B,B,F,T
PnlMole,3,,PnlShot3 E,B,B,F,T
Junks,3,,StarBomb E,S,S,K,T
,,,,,,,
PnlMole,3,,PnlShot3 E,B,B,F,T
DrilBit,3,,DigDril3 F,F,N,P,A
Crasher,3,,CrshLnk3 L,L,F,R,H
,,,,,,,
Junks,3,,StarBomb E,S,S,K,T
Junks,3,,StarBomb E,S,S,K,T
,,,,,,,
Junks,3,,StarBomb E,S,S,K,T
Liba,3,,SandPit3 K,O,G,G,C
DrilBit,3,,DigDril3 F,F,N,P,A
,,,,,,,
Crasher,3,,CrshLnk3 L,L,F,R,H
ObLily,3,,ColdShot O,O,J,A,C
Crasher,3,,CrshLnk3 L,L,F,R,H
,,,,,,,
Crasher,3,,CrshLnk3 L,L,F,R,H
PnlMole,3,,PnlShot3 E,B,B,F,T
DrilBit,3,,DigDril3 F,F,N,P,A
,,,,,,,
Baldy,3,,SndStorm D,N,R,R,S
Baldy,2,,Typhoon F,O,S,S,T
Liba,3,,SandPit3 K,O,G,G,C
,,,,,,,
Baldy,3,,SndStorm D,N,R,R,S
Baldy,2,,Typhoon F,O,S,S,T
Baldy,2,,Typhoon F,O,S,S,T
,,,,,,,
Liba,3,,SandPit3 K,O,G,G,C
ObLily,3,,ColdShot O,O,J,A,C
ObLily,3,,ColdShot O,O,J,A,C
,,,,,,,
Liba,3,,SandPit3 K,O,G,G,C
Liba,3,,SandPit3 K,O,G,G,C
,,,,,,,
Baldy,2,,Typhoon F,O,S,S,T
ObLily,3,,ColdShot O,O,J,A,C
ObLily,3,,ColdShot O,O,J,A,C
,,,,,,,
,,,,,,,
ROM Comp 4,,,,,,,
EvilEye,3,,ChrgCan3 D,D,T,U,V
EvilEye,3,,ChrgCan3 D,D,T,U,V
KngBeetl,3,,AuraSrd3 K,K,M,Z,D
,,,,,,,
EvilEye,3,,ChrgCan3 D,D,T,U,V
Mantizr,3,,DethWpr3 R,R,B,O,U
Wooly,3,,PoisNet W,W,M,R,P
,,,,,,,
CutLassi,3,,StepCros Z,Z,N,T,U
Reftile,3,,RflcShld K,O,O,J,F
Fujin,4,,,,,,
,,,,,,,
CutLassi,3,,StepCros Z,Z,N,T,U
KngBeetl,3,,AuraSrd3 K,K,M,Z,D
Mantizr,3,,DethWpr3 R,R,B,O,U
,,,,,,,
KngBeetl,3,,AuraSrd3 K,K,M,Z,D
KngBeetl,3,,AuraSrd3 K,K,M,Z,D
,,,,,,,
Mantizr,3,,DethWpr3 R,R,B,O,U
Wooly,3,,PoisNet W,W,M,R,P
Wooly,3,,PoisNet W,W,M,R,P
,,,,,,,
Mantizr,3,,DethWpr3 R,R,B,O,U
Fujin,4,,,,,,
EvilEye,3,,ChrgCan3 D,D,T,U,V
,,,,,,,
Reftile,3,,RflcShld K,O,O,J,F
Reftile,3,,RflcShld K,O,O,J,F
Reftile,3,,RflcShld K,O,O,J,F
,,,,,,,
Reftile,3,,RflcShld K,O,O,J,F
CutLassi,3,,StepCros Z,Z,N,T,U
Wooly,3,,PoisNet W,W,M,R,P
,,,,,,,
Wooly,3,,PoisNet W,W,M,R,P
Wooly,3,,PoisNet W,W,M,R,P
Wooly,3,,PoisNet W,W,M,R,P
,,,,,,,
Wooly,3,,PoisNet W,W,M,R,P
Fujin,4,,,,,,
CutLassi,3,,StepCros Z,Z,N,T,U
,,,,,,,
,,,,,,,
Siren 1F Banquet Hall,,,,,,,
BeetleM,1,,BeetleM B,B,B,B,B
,,,,,,,
,,,,,,,
Guest Room TV Comp,,,,,,,
SqAnchr,1,,HvyAnch1 V,A,A,H,*
SqAnchr,1,,HvyAnch1 V,A,A,H,*
,,,,,,,
ObLily,3,,ColdShot O,O,J,A,C
SqAnchr,1,,HvyAnch1 V,A,A,H,*
SqAnchr,1,,HvyAnch1 V,A,A,H,*
,,,,,,,
SqAnchr,2,,HvyAnch2 F,Z,Z,S,M
,,,,,,,
,,,,,,,
School Comp 1,,,,,,,
GelPack,2,,Hakkero2 W,R,C,M,M
GelPack,2,,Hakkero2 W,R,C,M,M
,,,,,,,
GelPack,2,,Hakkero2 W,R,C,M,M
TinyOni,2,,ElChain2 J,L,L,F,C
TinyOni,2,,ElChain2 J,L,L,F,C
,,,,,,,
Ghost,1,,GhostBdy V,V,I,I,*
Ghost,1,,GhostBdy V,V,I,I,*
,,,,,,,
Ghost,1,,GhostBdy V,V,I,I,*
Raijun,1,,EleFang1 R,A,A,I,*
Ghost,1,,GhostBdy V,V,I,I,*
,,,,,,,
Raijun,1,,EleFang1 R,A,A,I,*
Raijun,1,,EleFang1 R,A,A,I,*
,,,,,,,
GelPack,2,,Hakkero2 W,R,C,M,M
Ghost,1,,GhostBdy V,V,I,I,*
TinyOni,2,,ElChain2 J,L,L,F,C
,,,,,,,
,,,,,,,
School Comp 2,,,,,,,
MasLigr,1,,Railgun1 D,D,N,G,*
Raijun,1,,EleFang1 R,A,A,I,*
,,,,,,,
MasLigr,1,,Railgun1 D,D,N,G,*
TinyOni,2,,ElChain2 J,L,L,F,C
TinyOni,2,,ElChain2 J,L,L,F,C
,,,,,,,
Reftile,2,,LifeShld H,H,G,A,T
Reftile,2,,LifeShld H,H,G,A,T
TinyOni,2,,ElChain2 J,L,L,F,C
,,,,,,,
GelPack,2,,Hakkero2 W,R,C,M,M
Raijun,1,,EleFang1 R,A,A,I,*
GelPack,2,,Hakkero2 W,R,C,M,M
,,,,,,,
TinyOni,2,,ElChain2 J,L,L,F,C
Reftile,2,,LifeShld H,H,G,A,T
MasLigr,1,,Railgun1 D,D,N,G,*
,,,,,,,
,,,,,,,
School Comp 3,,,,,,,
Raijun,1,,EleFang1 R,A,A,I,*
Legion,2,,KnghtLnc N,K,L,L,Y
,,,,,,,
GelPack,2,,Hakkero2 W,R,C,M,M
Legion,2,,KnghtLnc N,K,L,L,Y
GelPack,2,,Hakkero2 W,R,C,M,M
,,,,,,,
Raijun,1,,EleFang1 R,A,A,I,*
TinyOni,2,,ElChain2 J,L,L,F,C
TinyOni,2,,ElChain2 J,L,L,F,C
,,,,,,,
Legion,2,,KnghtLnc N,K,L,L,Y
Legion,2,,KnghtLnc N,K,L,L,Y
Legion,2,,KnghtLnc N,K,L,L,Y
,,,,,,,
GelPack,2,,Hakkero2 W,R,C,M,M
GelPack,2,,Hakkero2 W,R,C,M,M
,,,,,,,
Reftile,2,,LifeShld H,H,G,A,T
Reftile,2,,LifeShld H,H,G,A,T
Reftile,2,,LifeShld H,H,G,A,T
,,,,,,,
,,,,,,,
School Comp 4,,,,,,,
Reftile,2,,LifeShld H,H,G,A,T
Crasher,1,,CrshLnk1 G,N,D,D,*
Reftile,2,,LifeShld H,H,G,A,T
,,,,,,,
Crasher,1,,CrshLnk1 G,N,D,D,*
Crasher,1,,CrshLnk1 G,N,D,D,*
,,,,,,,
Crasher,1,,CrshLnk1 G,N,D,D,*
GelPack,2,,Hakkero2 W,R,C,M,M
Raijun,1,,EleFang1 R,A,A,I,*
,,,,,,,
TinyOni,2,,ElChain2 J,L,L,F,C
TinyOni,2,,ElChain2 J,L,L,F,C
Crasher,1,,CrshLnk1 G,N,D,D,*
,,,,,,,
Raijun,1,,EleFang1 R,A,A,I,*
TinyOni,2,,ElChain2 J,L,L,F,C
Ghost,1,,GhostBdy V,V,I,I,*
,,,,,,,
Crasher,1,,CrshLnk1 G,N,D,D,*
Crasher,1,,CrshLnk1 G,N,D,D,*
Crasher,1,,CrshLnk1 G,N,D,D,*
,,,,,,,
Iku,1,,Iku I,I,I,I,I
,,,,,,,
,,,,,,,
SNS Admin Area,,,,,,,
CutLassi,2,,StepSwrd J,R,R,G,T
RaijnWar,1,,HeatSwrd D,B,S,S,S
RaijnWar,1,,HeatSwrd D,B,S,S,S
,,,,,,,
RaijnWar,1,,HeatSwrd D,B,S,S,S
CutLassi,2,,StepSwrd J,R,R,G,T
RaijnWar,1,,HeatSwrd D,B,S,S,S
,,,,,,,
RaijnWar,2,,LeafSwrd R,W,S,S,H
,,,,,,,
,,,,,,,
Tenshi’s Room,,,,,,,
Iku,2,,IkuV2 I,I,I,I,I
,,,,,,,
Iku,3,,Iku I,I,IkuV2 I,I,ElecDril I
,,,,,,,
TankM,1,,TankM T,T,T,T,T
,,,,,,,
TankM,2,,TankMV2 T,T,T,T,T
,,,,,,,
TankM,3,,TankM T,T,TankMV2 T,T,TankMV3 T
,,,,,,,
,,,,,,,
Tenshi’s HP,,,,,,,
Raijun,1,,EleFang1 R,A,A,I,*
Raijun,1,,EleFang1 R,A,A,I,*
,,,,,,,
DrilBit,1,,DigDril1 B,M,M,D,*
DrilBit,1,,DigDril1 B,M,M,D,*
DrilBit,1,,DigDril1 B,M,M,D,*
,,,,,,,
Raijun,3,,EleFang3 G,G,M,H,E
,,,,,,,
,,,,,,,
Handrail Comp,,,,,,,
HatFrog,2,,Tadpole2 E,E,C,M,N
HatFrog,2,,Tadpole2 E,E,C,M,N
,,,,,,,
HatFrog,3,,Tadpole3 S,S,O,N,P
,,,,,,,
HatFrog,2,,Tadpole2 E,E,C,M,N
HatFrog,2,,Tadpole2 E,E,C,M,N
HatFrog,2,,Tadpole2 E,E,C,M,N
,,,,,,,
,,,,,,,
Undersea Cable Comp,,,,,,,
Raijun,2,,EleFang2 J,J,V,S,I
Raijun,2,,EleFang2 J,J,V,S,I
,,,,,,,
Raijun,3,,EleFang3 G,G,M,H,E
,,,,,,,
Raijun,2,,EleFang2 J,J,V,S,I
GelPack,2,,Hakkero2 W,R,C,M,M
GelPack,2,,Hakkero2 W,R,C,M,M
,,,,,,,
,,,,,,,
Undersea Reef Comp,,,,,,,
ObLily,3,,ColdShot O,O,J,A,C
ObLily,3,,ColdShot O,O,J,A,C
,,,,,,,
ObLily,4,,,,,,
,,,,,,,
ObLily,3,,ColdShot O,O,J,A,C
ObLily,3,,ColdShot O,O,J,A,C
ObLily,3,,ColdShot O,O,J,A,C
,,,,,,,
,,,,,,,
Undersea Drill Comp,,,,,,,
DrilBit,1,,DigDril1 B,M,M,D,*
DrilBit,2,,DigDril2 G,U,U,I,S
,,,,,,,
DrilBit,1,,DigDril1 B,M,M,D,*
DrilBit,1,,DigDril1 B,M,M,D,*
DrilBit,2,,DigDril2 G,U,U,I,S
,,,,,,,
DrilBit,3,,DigDril3 F,F,N,P,A
,,,,,,,
,,,,,,,
Undernet 1,,,,,,,
Kedama,3,,GrounWav J,S,S,A,C
LibeRdr,1,,ChainGn1 N,I,C,C,*
BibiBat,2,,GrvBall2 G,G,L,S,D
,,,,,,,
FlaMeow,2,,FireArm2 H,H,T,C,R
Junks,2,,MagiBomb Z,Q,Q,V,M
FlaMeow,2,,FireArm2 H,H,T,C,R
,,,,,,,
RayCann,3,,GRayGun F,A,I,C,C
LibeRdr,1,,ChainGn1 N,I,C,C,*
RayCann,3,,GRayGun F,A,I,C,C
,,,,,,,
Legion,2,,KnghtLnc N,K,L,L,Y
TinyOni,3,,ElChain3 N,N,O,T,K
LibeRdr,1,,ChainGn1 N,I,C,C,*
,,,,,,,
NormalNavi,4,,,,,,
NormalNavi,4,,,,,,
,,,,,,,
NormalNavi,4,,,,,,
NormalNavi,4,,,,,,
NormalNavi,4,,,,,,
,,,,,,,
,,,,,,,
Undernet 10,,,,,,,
Raijun,3,,EleFang3 G,G,M,H,E
Wukong,3,,MnkyPol3 W,W,K,H,Y
Wukong,3,,MnkyPol3 W,W,K,H,Y
,,,,,,,
Baldy,3,,SndStorm D,N,R,R,S
Baldy,3,,SndStorm D,N,R,R,S
,,,,,,,
Liba,3,,SandPit3 K,O,G,G,C
Baldy,3,,SndStorm D,N,R,R,S
Baldy,3,,SndStorm D,N,R,R,S
,,,,,,,
ObLily,3,,ColdShot O,O,J,A,C
Liba,3,,SandPit3 K,O,G,G,C
Wukong,3,,MnkyPol3 W,W,K,H,Y
,,,,,,,
HatFrog,3,,Tadpole3 S,S,O,N,P
Baldy,3,,SndStorm D,N,R,R,S
HatFrog,3,,Tadpole3 S,S,O,N,P
,,,,,,,
,,,,,,,
Undernet 2,,,,,,,
Clawnch,2,,BubBlst2 V,V,B,D,M
Clawnch,2,,BubBlst2 V,V,B,D,M
Clawnch,2,,BubBlst2 V,V,B,D,M
,,,,,,,
ObLily,3,,ColdShot O,O,J,A,C
Clawnch,2,,BubBlst2 V,V,B,D,M
Screwn,2,,ColdAir2 Q,B,I,I,U
,,,,,,,
NormalNavi,4,,,,,,
NormalNavi,8,,,,,,
,,,,,,,
NormalNavi,10,,,,,,
,,,,,,,
,,,,,,,
Undernet 3,,,,,,,
RaijnWar,3,,IceSwrd A,I,S,S,C
RaijnWar,3,,IceSwrd A,I,S,S,C
,,,,,,,
Juragon,1,,DrgnFlm1 D,D,N,G,*
,,,,,,,
Orichalc,2,,MtlNplm D,B,M,M,S
Fujin,3,,MagStorm N,L,C,C,F
CutLassi,3,,StepCros Z,Z,N,T,U
,,,,,,,
CutLassi,3,,StepCros Z,Z,N,T,U
CutLassi,3,,StepCros Z,Z,N,T,U
,,,,,,,
Fujin,3,,MagStorm N,L,C,C,F
Fujin,3,,MagStorm N,L,C,C,F
Fujin,3,,MagStorm N,L,C,C,F
,,,,,,,
FlaMeow,3,,FireArm3 J,J,O,P,I
FlaMeow,3,,FireArm3 J,J,O,P,I
FlaMeow,3,,FireArm3 J,J,O,P,I
,,,,,,,
ObLily,3,,ColdShot O,O,J,A,C
ObLily,3,,ColdShot O,O,J,A,C
ObLily,3,,ColdShot O,O,J,A,C
,,,,,,,
Chen,3,,Chen C,C,ChenV2 C,C,ChenV3 C
,,,,,,,
,,,,,,,
Undernet 4,,,,,,,
ShlRune,2,,ShlArmr2 G,W,S,S,T
ShlRune,2,,ShlArmr2 G,W,S,S,T
Junks,3,,StarBomb E,S,S,K,T
,,,,,,,
Crasher,2,,CrshLnk2 B,K,K,L,I
RaijnWar,2,,LeafSwrd R,W,S,S,H
Crasher,2,,CrshLnk2 B,K,K,L,I
,,,,,,,
Junks,3,,StarBomb E,S,S,K,T
Junks,3,,StarBomb E,S,S,K,T
,,,,,,,
Juragon,1,,DrgnFlm1 D,D,N,G,*
,,,,,,,
Juragon,1,,DrgnFlm1 D,D,N,G,*
Juragon,1,,DrgnFlm1 D,D,N,G,*
,,,,,,,
RaijnWar,2,,LeafSwrd R,W,S,S,H
RaijnWar,2,,LeafSwrd R,W,S,S,H
,,,,,,,
ShlRune,2,,ShlArmr2 G,W,S,S,T
Crasher,2,,CrshLnk2 B,K,K,L,I
,,,,,,,
Junks,3,,StarBomb E,S,S,K,T
ShlRune,2,,ShlArmr2 G,W,S,S,T
ShlRune,2,,ShlArmr2 G,W,S,S,T
,,,,,,,
GunHopr,3,,ShotGun3 A,D,M,M,G
GunHopr,3,,ShotGun3 A,D,M,M,G
GunHopr,3,,ShotGun3 A,D,M,M,G
,,,,,,,
FlwrTnk,3,,SeedCan3 K,K,N,G,U
FlwrTnk,3,,SeedCan3 K,K,N,G,U
FlwrTnk,3,,SeedCan3 K,K,N,G,U
,,,,,,,
ScissorM,3,,ScissorM S,S,ScissrMV2 S,S,ScissrMV3 S
,,,,,,,
,,,,,,,
Undernet 5,,,,,,,
Legion,3,,PaldnLnc R,R,U,S,P
Orichalc,2,,MtlNplm D,B,M,M,S
Fujin,3,,MagStorm N,L,C,C,F
,,,,,,,
Fujin,3,,MagStorm N,L,C,C,F
RaijnWar,3,,IceSwrd A,I,S,S,C
Fujin,3,,MagStorm N,L,C,C,F
,,,,,,,
Juragon,1,,DrgnFlm1 D,D,N,G,*
Juragon,1,,DrgnFlm1 D,D,N,G,*
,,,,,,,
Legion,3,,PaldnLnc R,R,U,S,P
Legion,3,,PaldnLnc R,R,U,S,P
,,,,,,,
RaijnWar,3,,IceSwrd A,I,S,S,C
RaijnWar,3,,IceSwrd A,I,S,S,C
RaijnWar,3,,IceSwrd A,I,S,S,C
,,,,,,,
Legion,3,,PaldnLnc R,R,U,S,P
Juragon,1,,DrgnFlm1 D,D,N,G,*
Legion,3,,PaldnLnc R,R,U,S,P
,,,,,,,
,,,,,,,
Undernet 6,,,,,,,
Junks,3,,StarBomb E,S,S,K,T
LibeRdr,2,,ChainGn2 L,B,B,T,O
,,,,,,,
PnlMole,2,,PnlShot2 N,B,D,D,G
MasLigr,2,,Railgun2 A,V,C,C,T
PnlMole,2,,PnlShot2 N,B,D,D,G
,,,,,,,
Liba,3,,SandPit3 K,O,G,G,C
Liba,3,,SandPit3 K,O,G,G,C
,,,,,,,
Python,3,,BioSpry3 Z,Z,Q,C,W
Python,3,,BioSpry3 Z,Z,Q,C,W
Python,3,,BioSpry3 Z,Z,Q,C,W
,,,,,,,
Liba,3,,SandPit3 K,O,G,G,C
PnlMole,2,,PnlShot2 N,B,D,D,G
MasLigr,2,,Railgun2 A,V,C,C,T
,,,,,,,
ScissorM,2,,ScissrMV2 S,S,S,S,S
,,,,,,,
,,,,,,,
Undernet 7,,,,,,,
CutLassi,3,,StepCros Z,Z,N,T,U
Mantizr,1,,DethWpr1 W,W,I,P,*
Mantizr,1,,DethWpr1 W,W,I,P,*
,,,,,,,
Junks,3,,StarBomb E,S,S,K,T
Baldy,2,,Typhoon F,O,S,S,T
,,,,,,,
TinyOni,3,,ElChain3 N,N,O,T,K
TinyOni,3,,ElChain3 N,N,O,T,K
TinyOni,3,,ElChain3 N,N,O,T,K
,,,,,,,
Kedama,3,,GrounWav J,S,S,A,C
LibeRdr,2,,ChainGn2 L,B,B,T,O
Kedama,3,,GrounWav J,S,S,A,C
,,,,,,,
Kedama,3,,GrounWav J,S,S,A,C
TinyOni,3,,ElChain3 N,N,O,T,K
CutLassi,3,,StepCros Z,Z,N,T,U
,,,,,,,
,,,,,,,
Undernet 8,,,,,,,
Juragon,1,,DrgnFlm1 D,D,N,G,*
MasLigr,2,,Railgun2 A,V,C,C,T
MasLigr,2,,Railgun2 A,V,C,C,T
,,,,,,,
Orichalc,2,,MtlNplm D,B,M,M,S
Orichalc,2,,MtlNplm D,B,M,M,S
,,,,,,,
DrilBit,2,,DigDril2 G,U,U,I,S
DrilBit,2,,DigDril2 G,U,U,I,S
RaijnWar,3,,IceSwrd A,I,S,S,C
,,,,,,,
Liba,3,,SandPit3 K,O,G,G,C
ObLily,3,,ColdShot O,O,J,A,C
ObLily,3,,ColdShot O,O,J,A,C
,,,,,,,
,,,,,,,
Undernet 9,,,,,,,
Mantizr,3,,DethWpr3 R,R,B,O,U
,,,,,,,
Reftile,3,,RflcShld K,O,O,J,F
Wooly,2,,FireNet V,V,F,B,G
Reftile,3,,RflcShld K,O,O,J,F
,,,,,,,
HatFrog,3,,Tadpole3 S,S,O,N,P
HatFrog,3,,Tadpole3 S,S,O,N,P
HatFrog,3,,Tadpole3 S,S,O,N,P
,,,,,,,
Wukong,3,,MnkyPol3 W,W,K,H,Y
Wukong,3,,MnkyPol3 W,W,K,H,Y
Raijun,3,,EleFang3 G,G,M,H,E
,,,,,,,
Wooly,2,,FireNet V,V,F,B,G
HatFrog,3,,Tadpole3 S,S,O,N,P
Reftile,3,,RflcShld K,O,O,J,F
,,,,,,,
,,,,,,,
Lord Usa Statue Comp,,,,,,,
AxeHawk,1,,TomaHawk H,M,M,T,*
Kedama,2,,EarthWav G,W,M,M,S
AxeHawk,1,,TomaHawk H,M,M,T,*
,,,,,,,
Kedama,2,,EarthWav G,W,M,M,S
AxeHawk,1,,TomaHawk H,M,M,T,*
,,,,,,,
AxeHawk,2,,MegaHawk G,G,D,N,S
,,,,,,,
,,,,,,,
Vending Machine Comp,,,,,,,
TinyOni,2,,ElChain2 J,L,L,F,C
,,,,,,,
Orichalc,1,,BrnzNplm N,O,R,R,*
Orichalc,1,,BrnzNplm N,O,R,R,*
,,,,,,,
Orichalc,1,,BrnzNplm N,O,R,R,*
Orichalc,1,,BrnzNplm N,O,R,R,*
Orichalc,1,,BrnzNplm N,O,R,R,*
,,,,,,,
,,,,,,,
New Console Comp,,,,,,,
MasLigr,1,,Railgun1 D,D,N,G,*
GelPack,2,,Hakkero2 W,R,C,M,M
,,,,,,,
GelPack,2,,Hakkero2 W,R,C,M,M
GelPack,2,,Hakkero2 W,R,C,M,M
,,,,,,,
MasLigr,2,,Railgun2 A,V,C,C,T
,,,,,,,
,,,,,,,
Detective Statue Comp,,,,,,,
EvilEye,1,,ChrgCan1 M,M,F,Y,*
BibiBat,2,,GrvBall2 G,G,L,S,D
,,,,,,,
EvilEye,1,,ChrgCan1 M,M,F,Y,*
BibiBat,2,,GrvBall2 G,G,L,S,D
BibiBat,2,,GrvBall2 G,G,L,S,D
,,,,,,,
EvilEye,2,,ChrgCan2 L,L,E,B,T
,,,,,,,
,,,,,,,
Yukkuri Comp,,,,,,,
Tanukit,1,,TanuGod1 G,H,H,N,*
Tanukit,1,,TanuGod1 G,H,H,N,*
,,,,,,,
Tanukit,2,,TanuGod2 L,L,A,V,K
,,,,,,,
Reftile,1,,RevShld L,H,R,R,*
Tanukit,1,,TanuGod1 G,H,H,N,*
Reftile,1,,RevShld L,H,R,R,*
